ZX769,5032.550393,3491.341191,3.39,0,xFSx,0,0,0,0,-90
ZX769,5032.550393,3491.341191,1.79,0,xFSx,0,1.6,1.6,0,-90
ZX769,5032.550393,3491.341191,-0.01,1,xBYCx,1.6,3.4,1.8,0,-90
ZX769,5032.550393,3491.341191,-5.31,7,xMSCx,3.4,8.7,5.3,0,-90
ZX769,5032.550393,3491.341191,-14.11,9,xGMCx,8.7,17.5,8.8,0,-90
ZX769,5032.550393,3491.341191,-25.01,10,xGCx,17.5,28.4,10.9,0,-90
ZX769,5032.550393,3491.341191,-35.11,14,xSaCx,28.4,38.5,10.1,0,-90
ZX769,5032.550393,3491.341191,-37.61,15,xRSCx,38.5,41,2.5,0,-90
ZX769,5032.550393,3491.341191,-46.61,20,xTSx,41,50,9,0,-90
ZX820,5032.497722,2611.6728,2.75,0,xFSx,0,0,0,0,-90
ZX820,5032.497722,2611.6728,-0.05,0,xFSx,0,2.8,2.8,0,-90
ZX820,5032.497722,2611.6728,-4.25,7,xMSCx,2.8,7,4.2,0,-90
ZX820,5032.497722,2611.6728,-11.25,9,xGMCx,7,14,7,0,-90
ZX820,5032.497722,2611.6728,-18.75,10,xGCx,14,21.5,7.5,0,-90
ZX820,5032.497722,2611.6728,-26.25,11,xGSCx,21.5,29,7.5,0,-90
ZX820,5032.497722,2611.6728,-27.25,14,xSaCx,29,30,1,0,-90
ZX742,5014.463826,4273.591919,2.84,0,xFSx,0,0,0,0,-90
ZX742,5014.463826,4273.591919,1.14,0,xFSx,0,1.7,1.7,0,-90
ZX742,5014.463826,4273.591919,-0.66,2,xBYx,1.7,3.5,1.8,0,-90
ZX742,5014.463826,4273.591919,-5.16,7,xMSCx,3.5,8,4.5,0,-90
ZX742,5014.463826,4273.591919,-14.66,9,xGMCx,8,17.5,9.5,0,-90
ZX742,5014.463826,4273.591919,-21.56,10,xGCx,17.5,24.4,6.9,0,-90
ZX742,5014.463826,4273.591919,-26.16,11,xGSCx,24.4,29,4.6,0,-90
ZX742,5014.463826,4273.591919,-29.66,17,xDSx,29,32.5,3.5,0,-90
ZX742,5014.463826,4273.591919,-34.16,18,xYSSx,32.5,37,4.5,0,-90
ZX742,5014.463826,4273.591919,-47.16,19,xYax,37,50,13,0,-90
ZX742,5014.463826,4273.591919,-57.16,23,xGSCx,50,60,10,0,-90
ZX879,4972.805657,736.1161153,4.88,0,xFSx,0,0,0,0,-90
ZX879,4972.805657,736.1161153,2.18,0,xFSx,0,2.7,2.7,0,-90
ZX879,4972.805657,736.1161153,0.38,2,xBYx,2.7,4.5,1.8,0,-90
ZX879,4972.805657,736.1161153,-3.32,7,xMSCx,4.5,8.2,3.7,0,-90
ZX879,4972.805657,736.1161153,-12.12,9,xGMCx,8.2,17,8.8,0,-90
ZX879,4972.805657,736.1161153,-19.12,10,xGCx,17,24,7,0,-90
ZX879,4972.805657,736.1161153,-24.62,11,xGSCx,24,29.5,5.5,0,-90
ZX879,4972.805657,736.1161153,-37.62,14,xSaCx,29.5,42.5,13,0,-90
ZX879,4972.805657,736.1161153,-39.62,15,xRSCx,42.5,44.5,2,0,-90
ZX879,4972.805657,736.1161153,-45.12,19,xYax,44.5,50,5.5,0,-90
ZX181,4739.857806,1651.090119,3.35,0,xFSx,0,0,0,0,-90
ZX181,4739.857806,1651.090119,1.75,0,xFSx,0,1.6,1.6,0,-90
ZX181,4739.857806,1651.090119,0.35,2,xBYx,1.6,3,1.4,0,-90
ZX181,4739.857806,1651.090119,-2.65,7,xMSCx,3,6,3,0,-90
ZX181,4739.857806,1651.090119,-13.65,9,xGMCx,6,17,11,0,-90
ZX181,4739.857806,1651.090119,-21.35,10,xGCx,17,24.7,7.7,0,-90
ZX181,4739.857806,1651.090119,-24.65,11,xGSCx,24.7,28,3.3,0,-90
ZX181,4739.857806,1651.090119,-37.45,14,xSaCx,28,40.8,12.8,0,-90
ZX181,4739.857806,1651.090119,-39.85,15,xRSCx,40.8,43.2,2.4,0,-90
ZX181,4739.857806,1651.090119,-40.65,19,xYax,43.2,44,0.8,0,-90
ZX795,4677.939945,2747.616629,2.48,0,xFSx,0,0,0,0,-90
ZX795,4677.939945,2747.616629,1.08,0,xFSx,0,1.4,1.4,0,-90
ZX795,4677.939945,2747.616629,-0.52,1,xBYCx,1.4,3,1.6,0,-90
ZX795,4677.939945,2747.616629,-5.32,7,xMSCx,3,7.8,4.8,0,-90
ZX795,4677.939945,2747.616629,-13.02,9,xGMCx,7.8,15.5,7.7,0,-90
ZX795,4677.939945,2747.616629,-19.52,10,xGCx,15.5,22,6.5,0,-90
ZX795,4677.939945,2747.616629,-26.82,11,xGSCx,22,29.3,7.3,0,-90
ZX795,4677.939945,2747.616629,-29.52,17,xDSx,29.3,32,2.7,0,-90
ZX795,4677.939945,2747.616629,-34.52,18,xYSSx,32,37,5,0,-90
ZX795,4677.939945,2747.616629,-51.52,20,xTSx,37,54,17,0,-90
ZX795,4677.939945,2747.616629,-59.52,21,xGCx,54,62,8,0,-90
ZX795,4677.939945,2747.616629,-64.32,23,xGSCx,62,66.8,4.8,0,-90
ZX795,4677.939945,2747.616629,-71.02,25,xGFSx,66.8,73.5,6.7,0,-90
ZX795,4677.939945,2747.616629,-91.52,26,xPMSx,73.5,94,20.5,0,-90
ZX795,4677.939945,2747.616629,-97.52,27,xBSCx,94,100,6,0,-90
ZX161,4532.760258,3816.237347,2.9,0,xFSx,0,0,0,0,-90
ZX161,4532.760258,3816.237347,1.4,0,xFSx,0,1.5,1.5,0,-90
ZX161,4532.760258,3816.237347,0,2,xBYx,1.5,2.9,1.4,0,-90
ZX161,4532.760258,3816.237347,-5.7,7,xMSCx,2.9,8.6,5.7,0,-90
ZX161,4532.760258,3816.237347,-12.8,9,xGMCx,8.6,15.7,7.1,0,-90
ZX161,4532.760258,3816.237347,-19.9,10,xGCx,15.7,22.8,7.1,0,-90
ZX161,4532.760258,3816.237347,-26.1,11,xGSCx,22.8,29,6.2,0,-90
ZX161,4532.760258,3816.237347,-29.7,17,xDSx,29,32.6,3.6,0,-90
ZX161,4532.760258,3816.237347,-31.1,18,xYSSx,32.6,34,1.4,0,-90
ZX161,4532.760258,3816.237347,-37.1,19,xYax,34,40,6,0,-90
ZX185,4512.571053,262.6067186,3.71,0,xFSx,0,0,0,0,-90
ZX185,4512.571053,262.6067186,0.71,0,xFSx,0,3,3,0,-90
ZX185,4512.571053,262.6067186,-3.39,7,xMSCx,3,7.1,4.1,0,-90
ZX185,4512.571053,262.6067186,-11.99,9,xGMCx,7.1,15.7,8.6,0,-90
ZX185,4512.571053,262.6067186,-20.29,10,xGCx,15.7,24,8.3,0,-90
ZX185,4512.571053,262.6067186,-26.29,11,xGSCx,24,30,6,0,-90
ZX185,4512.571053,262.6067186,-36.39,14,xSaCx,30,40.1,10.1,0,-90
ZX185,4512.571053,262.6067186,-38.79,15,xRSCx,40.1,42.5,2.4,0,-90
ZX185,4512.571053,262.6067186,-68.29,19,xYax,42.5,72,29.5,0,-90
ZX185,4512.571053,262.6067186,-72.29,24,xSCax,72,76,4,0,-90
ZX185,4512.571053,262.6067186,-81.29,26,xPMSx,76,85,9,0,-90
ZX743,4482.807444,4460.991839,2.73,0,xFSx,0,0,0,0,-90
ZX743,4482.807444,4460.991839,1.23,0,xFSx,0,1.5,1.5,0,-90
ZX743,4482.807444,4460.991839,-0.27,2,xBYx,1.5,3,1.5,0,-90
ZX743,4482.807444,4460.991839,-2.27,3,xGSSx,3,5,2,0,-90
ZX743,4482.807444,4460.991839,-5.77,7,xMSCx,5,8.5,3.5,0,-90
ZX743,4482.807444,4460.991839,-13.67,9,xGMCx,8.5,16.4,7.9,0,-90
ZX743,4482.807444,4460.991839,-17.67,10,xGCx,16.4,20.4,4,0,-90
ZX743,4482.807444,4460.991839,-22.27,11,xGSCx,20.4,25,4.6,0,-90
ZX880,4465.12781,893.5065231,4.54,0,xFSx,0,0,0,0,-90
ZX880,4465.12781,893.5065231,2.44,0,xFSx,0,2.1,2.1,0,-90
ZX880,4465.12781,893.5065231,0.54,2,xBYx,2.1,4,1.9,0,-90
ZX880,4465.12781,893.5065231,-3.46,7,xMSCx,4,8,4,0,-90
ZX880,4465.12781,893.5065231,-12.46,9,xGMCx,8,17,9,0,-90
ZX880,4465.12781,893.5065231,-20.46,10,xGCx,17,25,8,0,-90
ZX880,4465.12781,893.5065231,-24.96,11,xGSCx,25,29.5,4.5,0,-90
ZX880,4465.12781,893.5065231,-37.36,14,xSaCx,29.5,41.9,12.4,0,-90
ZX880,4465.12781,893.5065231,-40.26,15,xRSCx,41.9,44.8,2.9,0,-90
ZX880,4465.12781,893.5065231,-50.91,19,xYax,44.8,55.45,10.65,0,-90
ZX723,4418.661857,5042.981825,2.51,0,xFSx,0,0,0,0,-90
ZX723,4418.661857,5042.981825,1.21,0,xFSx,0,1.3,1.3,0,-90
ZX723,4418.661857,5042.981825,-0.99,2,xBYx,1.3,3.5,2.2,0,-90
ZX723,4418.661857,5042.981825,-5.69,7,xMSCx,3.5,8.2,4.7,0,-90
ZX723,4418.661857,5042.981825,-13.89,9,xGMCx,8.2,16.4,8.2,0,-90
ZX723,4418.661857,5042.981825,-20.59,10,xGCx,16.4,23.1,6.7,0,-90
ZX723,4418.661857,5042.981825,-25.09,11,xGSCx,23.1,27.6,4.5,0,-90
ZX723,4418.661857,5042.981825,-27.59,17,xDSx,27.6,30.1,2.5,0,-90
ZX723,4418.661857,5042.981825,-33.29,18,xYSSx,30.1,35.8,5.7,0,-90
ZX723,4418.661857,5042.981825,-38.99,19,xYax,35.8,41.5,5.7,0,-90
ZX723,4418.661857,5042.981825,-53.49,21,xGCx,41.5,56,14.5,0,-90
ZX723,4418.661857,5042.981825,-65.59,23,xGSCx,56,68.1,12.1,0,-90
ZX723,4418.661857,5042.981825,-71.99,24,xSCax,68.1,74.5,6.4,0,-90
ZX723,4418.661857,5042.981825,-77.49,26,xPMSx,74.5,80,5.5,0,-90
ZX821,4243.518635,2542.358563,3.67,0,xFSx,0,0,0,0,-90
ZX821,4243.518635,2542.358563,2.17,0,xFSx,0,1.5,1.5,0,-90
ZX821,4243.518635,2542.358563,0.17,1,xBYCx,1.5,3.5,2,0,-90
ZX821,4243.518635,2542.358563,-3.33,7,xMSCx,3.5,7,3.5,0,-90
ZX821,4243.518635,2542.358563,-12.23,9,xGMCx,7,15.9,8.9,0,-90
ZX821,4243.518635,2542.358563,-22.83,10,xGCx,15.9,26.5,10.6,0,-90
ZX821,4243.518635,2542.358563,-25.33,11,xGSCx,26.5,29,2.5,0,-90
ZX821,4243.518635,2542.358563,-35.83,14,xSaCx,29,39.5,10.5,0,-90
ZX821,4243.518635,2542.358563,-37.83,15,xRSCx,39.5,41.5,2,0,-90
ZX821,4243.518635,2542.358563,-46.33,19,xYax,41.5,50,8.5,0,-90
ZX1095,4174.80202,2071.929041,3,0,xFSx,0,0,0,0,-90
ZX1095,4174.80202,2071.929041,2,0,xFSx,0,1,1,0,-90
ZX1095,4174.80202,2071.929041,-0.5,2,xBYx,1,3.5,2.5,0,-90
ZX1095,4174.80202,2071.929041,-5.3,7,xMSCx,3.5,8.3,4.8,0,-90
ZX1095,4174.80202,2071.929041,-13.8,9,xGMCx,8.3,16.8,8.5,0,-90
ZX1095,4174.80202,2071.929041,-20.5,10,xGCx,16.8,23.5,6.7,0,-90
ZX1095,4174.80202,2071.929041,-29.8,11,xGSCx,23.5,32.8,9.3,0,-90
ZX1095,4174.80202,2071.929041,-32.8,17,xDSx,32.8,35.8,3,0,-90
ZX1095,4174.80202,2071.929041,-37,19,xYax,35.8,40,4.2,0,-90
ZX881,4143.266479,1102.152019,5.1,0,xFSx,0,0,0,0,-90
ZX881,4143.266479,1102.152019,2.6,0,xFSx,0,2.5,2.5,0,-90
ZX881,4143.266479,1102.152019,0.6,2,xBYx,2.5,4.5,2,0,-90
ZX881,4143.266479,1102.152019,-4.4,7,xMSCx,4.5,9.5,5,0,-90
ZX881,4143.266479,1102.152019,-13.2,9,xGMCx,9.5,18.3,8.8,0,-90
ZX881,4143.266479,1102.152019,-16.9,10,xGCx,18.3,22,3.7,0,-90
ZX881,4143.266479,1102.152019,-22.9,11,xGSCx,22,28,6,0,-90
ZX881,4143.266479,1102.152019,-37.8,14,xSaCx,28,42.9,14.9,0,-90
ZX881,4143.266479,1102.152019,-41.2,15,xRSCx,42.9,46.3,3.4,0,-90
ZX881,4143.266479,1102.152019,-44.9,19,xYax,46.3,50,3.7,0,-90
ZX765,4021.204542,3459.205672,2.71,0,xFSx,0,0,0,0,-90
ZX765,4021.204542,3459.205672,1.71,0,xFSx,0,1,1,0,-90
ZX765,4021.204542,3459.205672,0.01,2,xBYx,1,2.7,1.7,0,-90
ZX765,4021.204542,3459.205672,-5.79,7,xMSCx,2.7,8.5,5.8,0,-90
ZX765,4021.204542,3459.205672,-13.99,9,xGMCx,8.5,16.7,8.2,0,-90
ZX765,4021.204542,3459.205672,-20.29,10,xGCx,16.7,23,6.3,0,-90
ZX765,4021.204542,3459.205672,-27.29,11,xGSCx,23,30,7,0,-90
ZX765,4021.204542,3459.205672,-29.99,17,xDSx,30,32.7,2.7,0,-90
ZX765,4021.204542,3459.205672,-37.29,18,xYSSx,32.7,40,7.3,0,-90
ZX852,3882.883807,1512.158513,3.96,0,xFSx,0,0,0,0,-90
ZX852,3882.883807,1512.158513,2.56,0,xFSx,0,1.4,1.4,0,-90
ZX852,3882.883807,1512.158513,0.46,2,xBYx,1.4,3.5,2.1,0,-90
ZX852,3882.883807,1512.158513,-3.04,7,xMSCx,3.5,7,3.5,0,-90
ZX852,3882.883807,1512.158513,-12.34,9,xGMCx,7,16.3,9.3,0,-90
ZX852,3882.883807,1512.158513,-19.84,10,xGCx,16.3,23.8,7.5,0,-90
ZX852,3882.883807,1512.158513,-29.94,11,xGSCx,23.8,33.9,10.1,0,-90
ZX852,3882.883807,1512.158513,-31.84,17,xDSx,33.9,35.8,1.9,0,-90
ZX852,3882.883807,1512.158513,-34.84,18,xYSSx,35.8,38.8,3,0,-90
ZX852,3882.883807,1512.158513,-46.04,19,xYax,38.8,50,11.2,0,-90
ZX1093,3872.219339,697.3029008,4.03,0,xFSx,0,0,0,0,-90
ZX1093,3872.219339,697.3029008,2.13,0,xFSx,0,1.9,1.9,0,-90
ZX1093,3872.219339,697.3029008,0.03,2,xBYx,1.9,4,2.1,0,-90
ZX1093,3872.219339,697.3029008,-3.97,7,xMSCx,4,8,4,0,-90
ZX1093,3872.219339,697.3029008,-9.77,9,xGMCx,8,13.8,5.8,0,-90
ZX1093,3872.219339,697.3029008,-13.07,10,xGCx,13.8,17.1,3.3,0,-90
ZX1093,3872.219339,697.3029008,-25.57,11,xGSCx,17.1,29.6,12.5,0,-90
ZX1093,3872.219339,697.3029008,-38.07,14,xSaCx,29.6,42.1,12.5,0,-90
ZX1093,3872.219339,697.3029008,-40.47,15,xRSCx,42.1,44.5,2.4,0,-90
ZX1093,3872.219339,697.3029008,-60.97,19,xYax,44.5,65,20.5,0,-90
ZX1094,3841.243596,1847.243135,3.73,0,xFSx,0,0,0,0,-90
ZX1094,3841.243596,1847.243135,1.93,0,xFSx,0,1.8,1.8,0,-90
ZX1094,3841.243596,1847.243135,0.23,2,xBYx,1.8,3.5,1.7,0,-90
ZX1094,3841.243596,1847.243135,-4.47,7,xMSCx,3.5,8.2,4.7,0,-90
ZX1094,3841.243596,1847.243135,-11.57,9,xGMCx,8.2,15.3,7.1,0,-90
ZX1094,3841.243596,1847.243135,-16.27,10,xGCx,15.3,20,4.7,0,-90
ZX162,3613.128536,4191.142333,2.32,0,xFSx,0,0,0,0,-90
ZX162,3613.128536,4191.142333,0.12,0,xFSx,0,2.2,2.2,0,-90
ZX162,3613.128536,4191.142333,-5.68,7,xMSCx,2.2,8,5.8,0,-90
ZX162,3613.128536,4191.142333,-15.28,9,xGMCx,8,17.6,9.6,0,-90
ZX162,3613.128536,4191.142333,-22.18,10,xGCx,17.6,24.5,6.9,0,-90
ZX162,3613.128536,4191.142333,-26.08,11,xGSCx,24.5,28.4,3.9,0,-90
ZX162,3613.128536,4191.142333,-30.78,16,xDGx,28.4,33.1,4.7,0,-90
ZX162,3613.128536,4191.142333,-32.68,18,xYSSx,33.1,35,1.9,0,-90
ZX162,3613.128536,4191.142333,-47.68,19,xYax,35,50,15,0,-90
ZX186,3589.988136,1338.244494,4.14,0,xFSx,0,0,0,0,-90
ZX186,3589.988136,1338.244494,2.14,0,xFSx,0,2,2,0,-90
ZX186,3589.988136,1338.244494,-0.06,1,xBYCx,2,4.2,2.2,0,-90
ZX186,3589.988136,1338.244494,-5.86,7,xMSCx,4.2,10,5.8,0,-90
ZX186,3589.988136,1338.244494,-14.26,9,xGMCx,10,18.4,8.4,0,-90
ZX186,3589.988136,1338.244494,-16.36,10,xGCx,18.4,20.5,2.1,0,-90
ZX186,3589.988136,1338.244494,-24.06,11,xGSCx,20.5,28.2,7.7,0,-90
ZX186,3589.988136,1338.244494,-36.46,14,xSaCx,28.2,40.6,12.4,0,-90
ZX186,3589.988136,1338.244494,-39.36,15,xRSCx,40.6,43.5,2.9,0,-90
ZX186,3589.988136,1338.244494,-61.61,19,xYax,43.5,65.75,22.25,0,-90
ZX908,3473.554939,233.8285328,4.13,0,xFSx,0,0,0,0,-90
ZX908,3473.554939,233.8285328,2.93,0,xFSx,0,1.2,1.2,0,-90
ZX908,3473.554939,233.8285328,0.73,1,xBYCx,1.2,3.4,2.2,0,-90
ZX908,3473.554939,233.8285328,-2.97,7,xMSCx,3.4,7.1,3.7,0,-90
ZX908,3473.554939,233.8285328,-11.27,9,xGMCx,7.1,15.4,8.3,0,-90
ZX908,3473.554939,233.8285328,-17.37,10,xGCx,15.4,21.5,6.1,0,-90
ZX908,3473.554939,233.8285328,-25.27,11,xGSCx,21.5,29.4,7.9,0,-90
ZX908,3473.554939,233.8285328,-37.37,14,xSaCx,29.4,41.5,12.1,0,-90
ZX908,3473.554939,233.8285328,-39.07,15,xRSCx,41.5,43.2,1.7,0,-90
ZX908,3473.554939,233.8285328,-50.87,19,xYax,43.2,55,11.8,0,-90
ZX724,3434.941052,4680.512041,3.52,0,xFSx,0,0,0,0,-90
ZX724,3434.941052,4680.512041,2.32,0,xFSx,0,1.2,1.2,0,-90
ZX724,3434.941052,4680.512041,0.52,1,xBYCx,1.2,3,1.8,0,-90
ZX724,3434.941052,4680.512041,-4.48,7,xMSCx,3,8,5,0,-90
ZX724,3434.941052,4680.512041,-12.98,9,xGMCx,8,16.5,8.5,0,-90
ZX724,3434.941052,4680.512041,-21.48,10,xGCx,16.5,25,8.5,0,-90
ZX724,3434.941052,4680.512041,-26.48,11,xGSCx,25,30,5,0,-90
ZX724,3434.941052,4680.512041,-30.78,17,xDSx,30,34.3,4.3,0,-90
ZX724,3434.941052,4680.512041,-36.48,18,xYSSx,34.3,40,5.7,0,-90
ZX724,3434.941052,4680.512041,-43.48,19,xYax,40,47,7,0,-90
ZX724,3434.941052,4680.512041,-46.48,21,xGCx,47,50,3,0,-90
ZX1290,3397.657622,3659.380306,2.95,0,xFSx,0,0,0,0,-90
ZX1290,3397.657622,3659.380306,1.75,0,xFSx,0,1.2,1.2,0,-90
ZX1290,3397.657622,3659.380306,-0.25,2,xBYx,1.2,3.2,2,0,-90
ZX1290,3397.657622,3659.380306,-6.25,7,xMSCx,3.2,9.2,6,0,-90
ZX1290,3397.657622,3659.380306,-13.65,9,xGMCx,9.2,16.6,7.4,0,-90
ZX1290,3397.657622,3659.380306,-19.55,10,xGCx,16.6,22.5,5.9,0,-90
ZX1290,3397.657622,3659.380306,-27.05,11,xGSCx,22.5,30,7.5,0,-90
ZX1290,3397.657622,3659.380306,-34.05,14,xSaCx,30,37,7,0,-90
ZX1290,3397.657622,3659.380306,-37.05,15,xRSCx,37,40,3,0,-90
ZX163,3382.935437,2948.394412,3.11,0,xFSx,0,0,0,0,-90
ZX163,3382.935437,2948.394412,0.91,0,xFSx,0,2.2,2.2,0,-90
ZX163,3382.935437,2948.394412,-2.89,7,xMSCx,2.2,6,3.8,0,-90
ZX163,3382.935437,2948.394412,-12.39,9,xGMCx,6,15.5,9.5,0,-90
ZX163,3382.935437,2948.394412,-26.39,11,xGSCx,15.5,29.5,14,0,-90
ZX163,3382.935437,2948.394412,-31.09,16,xDGx,29.5,34.2,4.7,0,-90
ZX163,3382.935437,2948.394412,-31.84,18,xYSSx,34.2,34.95,0.75,0,-90
ZX822,3294.934026,2213.353063,3.17,0,xFSx,0,0,0,0,-90
ZX822,3294.934026,2213.353063,1.67,0,xFSx,0,1.5,1.5,0,-90
ZX822,3294.934026,2213.353063,-0.13,2,xBYx,1.5,3.3,1.8,0,-90
ZX822,3294.934026,2213.353063,-3.83,7,xMSCx,3.3,7,3.7,0,-90
ZX822,3294.934026,2213.353063,-14.33,9,xGMCx,7,17.5,10.5,0,-90
ZX822,3294.934026,2213.353063,-22.13,10,xGCx,17.5,25.3,7.8,0,-90
ZX822,3294.934026,2213.353063,-25.83,11,xGSCx,25.3,29,3.7,0,-90
ZX822,3294.934026,2213.353063,-28.53,17,xDSx,29,31.7,2.7,0,-90
ZX822,3294.934026,2213.353063,-32.83,18,xYSSx,31.7,36,4.3,0,-90
ZX822,3294.934026,2213.353063,-56.83,19,xYax,36,60,24,0,-90
LG6,3237.07909,569.5606019,3.72,0,xFSx,0,0,0,0,-90
LG6,3237.07909,569.5606019,2.62,0,xFSx,0,1.1,1.1,0,-90
LG6,3237.07909,569.5606019,0.72,2,xBYx,1.1,3,1.9,0,-90
LG6,3237.07909,569.5606019,-3.38,7,xMSCx,3,7.1,4.1,0,-90
LG6,3237.07909,569.5606019,-12.28,9,xGMCx,7.1,16,8.9,0,-90
LG6,3237.07909,569.5606019,-20.28,10,xGCx,16,24,8,0,-90
LG6,3237.07909,569.5606019,-23.28,11,xGSCx,24,27,3,0,-90
LG6,3237.07909,569.5606019,-37.28,14,xSaCx,27,41,14,0,-90
LG6,3237.07909,569.5606019,-39.78,15,xRSCx,41,43.5,2.5,0,-90
LG6,3237.07909,569.5606019,-42.78,19,xYax,43.5,46.5,3,0,-90
LG306,3225.116513,1170.331897,3.89,0,xFSx,0,0,0,0,-90
LG306,3225.116513,1170.331897,2.29,0,xFSx,0,1.6,1.6,0,-90
LG306,3225.116513,1170.331897,0.49,2,xBYx,1.6,3.4,1.8,0,-90
LG306,3225.116513,1170.331897,-3.51,7,xMSCx,3.4,7.4,4,0,-90
LG306,3225.116513,1170.331897,-11.61,9,xGMCx,7.4,15.5,8.1,0,-90
LG306,3225.116513,1170.331897,-18.11,10,xGCx,15.5,22,6.5,0,-90
LG306,3225.116513,1170.331897,-21.91,11,xGSCx,22,25.8,3.8,0,-90
LG306,3225.116513,1170.331897,-37.61,14,xSaCx,25.8,41.5,15.7,0,-90
LG306,3225.116513,1170.331897,-41.11,15,xRSCx,41.5,45,3.5,0,-90
LG306,3225.116513,1170.331897,-65.11,19,xYax,45,69,24,0,-90
LG306,3225.116513,1170.331897,-86.11,24,xSCax,69,90,21,0,-90
ZX770,3207.218227,3828.906951,2.99,0,xFSx,0,0,0,0,-90
ZX770,3207.218227,3828.906951,1.59,0,xFSx,0,1.4,1.4,0,-90
ZX770,3207.218227,3828.906951,-0.71,2,xBYx,1.4,3.7,2.3,0,-90
ZX770,3207.218227,3828.906951,-6.01,7,xMSCx,3.7,9,5.3,0,-90
ZX770,3207.218227,3828.906951,-13.81,9,xGMCx,9,16.8,7.8,0,-90
ZX770,3207.218227,3828.906951,-27.11,11,xGSCx,16.8,30.1,13.3,0,-90
ZX770,3207.218227,3828.906951,-29.51,17,xDSx,30.1,32.5,2.4,0,-90
ZX770,3207.218227,3828.906951,-33.01,18,xYSSx,32.5,36,3.5,0,-90
ZX770,3207.218227,3828.906951,-49.01,19,xYax,36,52,16,0,-90
ZX770,3207.218227,3828.906951,-53.01,22,xGSSx,52,56,4,0,-90
ZX770,3207.218227,3828.906951,-57.01,23,xGSCx,56,60,4,0,-90
ZX882,3187.69271,1213.420243,3.89,0,xFSx,0,0,0,0,-90
ZX882,3187.69271,1213.420243,2.29,0,xFSx,0,1.6,1.6,0,-90
ZX882,3187.69271,1213.420243,0.49,2,xBYx,1.6,3.4,1.8,0,-90
ZX882,3187.69271,1213.420243,-3.51,7,xMSCx,3.4,7.4,4,0,-90
ZX882,3187.69271,1213.420243,-11.61,9,xGMCx,7.4,15.5,8.1,0,-90
ZX882,3187.69271,1213.420243,-20.61,10,xGCx,15.5,24.5,9,0,-90
ZX882,3187.69271,1213.420243,-25.61,11,xGSCx,24.5,29.5,5,0,-90
ZX882,3187.69271,1213.420243,-37.61,14,xSaCx,29.5,41.5,12,0,-90
ZX882,3187.69271,1213.420243,-41.11,15,xRSCx,41.5,45,3.5,0,-90
ZX882,3187.69271,1213.420243,-66.11,19,xYax,45,70,25,0,-90
ZX882,3187.69271,1213.420243,-71.11,25,xGFSx,70,75,5,0,-90
ZX882,3187.69271,1213.420243,-86.11,26,xPMSx,75,90,15,0,-90
LG9,3107.135742,653.5338401,4.19,0,xFSx,0,0,0,0,-90
LG9,3107.135742,653.5338401,2.59,0,xFSx,0,1.6,1.6,0,-90
LG9,3107.135742,653.5338401,1.19,2,xBYx,1.6,3,1.4,0,-90
LG9,3107.135742,653.5338401,-1.81,7,xMSCx,3,6,3,0,-90
LG9,3107.135742,653.5338401,-12.31,9,xGMCx,6,16.5,10.5,0,-90
LG9,3107.135742,653.5338401,-19.91,10,xGCx,16.5,24.1,7.6,0,-90
LG9,3107.135742,653.5338401,-24.81,11,xGSCx,24.1,29,4.9,0,-90
LG9,3107.135742,653.5338401,-25.81,14,xSaCx,29,30,1,0,-90
LG265,3069.146043,467.6175883,3.85,0,xFSx,0,0,0,0,-90
LG265,3069.146043,467.6175883,2.55,0,xFSx,0,1.3,1.3,0,-90
LG265,3069.146043,467.6175883,1.25,2,xBYx,1.3,2.6,1.3,0,-90
LG265,3069.146043,467.6175883,-2.55,7,xMSCx,2.6,6.4,3.8,0,-90
LG265,3069.146043,467.6175883,-12.15,9,xGMCx,6.4,16,9.6,0,-90
LG265,3069.146043,467.6175883,-19.95,10,xGCx,16,23.8,7.8,0,-90
LG265,3069.146043,467.6175883,-24.65,11,xGSCx,23.8,28.5,4.7,0,-90
LG265,3069.146043,467.6175883,-38.15,14,xSaCx,28.5,42,13.5,0,-90
LG265,3069.146043,467.6175883,-40.75,15,xRSCx,42,44.6,2.6,0,-90
LG265,3069.146043,467.6175883,-56.35,19,xYax,44.6,60.2,15.6,0,-90
ZX853,3054.991448,1370.06089,5.21,0,xFSx,0,0,0,0,-90
ZX853,3054.991448,1370.06089,1.91,0,xFSx,0,3.3,3.3,0,-90
ZX853,3054.991448,1370.06089,1.31,2,xBYx,3.3,3.9,0.6,0,-90
ZX853,3054.991448,1370.06089,-2.79,7,xMSCx,3.9,8,4.1,0,-90
ZX853,3054.991448,1370.06089,-11.79,9,xGMCx,8,17,9,0,-90
ZX853,3054.991448,1370.06089,-20.79,10,xGCx,17,26,9,0,-90
ZX853,3054.991448,1370.06089,-23.79,11,xGSCx,26,29,3,0,-90
ZX853,3054.991448,1370.06089,-31.39,14,xSaCx,29,36.6,7.6,0,-90
ZX853,3054.991448,1370.06089,-34.09,15,xRSCx,36.6,39.3,2.7,0,-90
ZX853,3054.991448,1370.06089,-64.79,19,xYax,39.3,70,30.7,0,-90
ZX853,3054.991448,1370.06089,-69.79,24,xSCax,70,75,5,0,-90
ZX853,3054.991448,1370.06089,-77.79,26,xPMSx,75,83,8,0,-90
ZX744,3052.565209,4189.300598,3.13,0,xFSx,0,0,0,0,-90
ZX744,3052.565209,4189.300598,0.23,0,xFSx,0,2.9,2.9,0,-90
ZX744,3052.565209,4189.300598,-0.17,2,xBYx,2.9,3.3,0.4,0,-90
ZX744,3052.565209,4189.300598,-6.17,7,xMSCx,3.3,9.3,6,0,-90
ZX744,3052.565209,4189.300598,-12.67,9,xGMCx,9.3,15.8,6.5,0,-90
ZX744,3052.565209,4189.300598,-17.37,10,xGCx,15.8,20.5,4.7,0,-90
ZX744,3052.565209,4189.300598,-24.47,11,xGSCx,20.5,27.6,7.1,0,-90
ZX744,3052.565209,4189.300598,-27.17,17,xDSx,27.6,30.3,2.7,0,-90
ZX744,3052.565209,4189.300598,-32.87,18,xYSSx,30.3,36,5.7,0,-90
ZX744,3052.565209,4189.300598,-52.67,19,xYax,36,55.8,19.8,0,-90
ZX744,3052.565209,4189.300598,-69.37,23,xGSCx,55.8,72.5,16.7,0,-90
ZX744,3052.565209,4189.300598,-72.87,25,xGFSx,72.5,76,3.5,0,-90
ZX744,3052.565209,4189.300598,-76.87,26,xPMSx,76,80,4,0,-90
ZX129,2963.862354,5037.82191,2.46,0,xFSx,0,0,0,0,-90
ZX129,2963.862354,5037.82191,0.86,0,xFSx,0,1.6,1.6,0,-90
ZX129,2963.862354,5037.82191,-0.64,2,xBYx,1.6,3.1,1.5,0,-90
ZX129,2963.862354,5037.82191,-6.34,7,xMSCx,3.1,8.8,5.7,0,-90
ZX129,2963.862354,5037.82191,-13.54,9,xGMCx,8.8,16,7.2,0,-90
ZX129,2963.862354,5037.82191,-23.94,10,xGCx,16,26.4,10.4,0,-90
ZX129,2963.862354,5037.82191,-28.04,17,xDSx,26.4,30.5,4.1,0,-90
ZX129,2963.862354,5037.82191,-36.04,18,xYSSx,30.5,38.5,8,0,-90
ZX129,2963.862354,5037.82191,-45.54,19,xYax,38.5,48,9.5,0,-90
ZX129,2963.862354,5037.82191,-59.54,21,xGCx,48,62,14,0,-90
ZX129,2963.862354,5037.82191,-69.94,23,xGSCx,62,72.4,10.4,0,-90
ZX129,2963.862354,5037.82191,-87.54,24,xSCax,72.4,90,17.6,0,-90
ZX725,2922.843638,4693.941987,2.46,0,xFSx,0,0,0,0,-90
ZX725,2922.843638,4693.941987,0.86,0,xFSx,0,1.6,1.6,0,-90
ZX725,2922.843638,4693.941987,0.36,2,xBYx,1.6,2.1,0.5,0,-90
ZX725,2922.843638,4693.941987,-6.34,7,xMSCx,2.1,8.8,6.7,0,-90
ZX725,2922.843638,4693.941987,-13.54,9,xGMCx,8.8,16,7.2,0,-90
ZX725,2922.843638,4693.941987,-23.94,10,xGCx,16,26.4,10.4,0,-90
ZX725,2922.843638,4693.941987,-28.04,16,xDGx,26.4,30.5,4.1,0,-90
ZX725,2922.843638,4693.941987,-36.04,18,xYSSx,30.5,38.5,8,0,-90
ZX725,2922.843638,4693.941987,-45.54,19,xYax,38.5,48,9.5,0,-90
ZX725,2922.843638,4693.941987,-59.54,21,xGCx,48,62,14,0,-90
ZX725,2922.843638,4693.941987,-69.94,23,xGSCx,62,72.4,10.4,0,-90
ZX725,2922.843638,4693.941987,-73.54,25,xGFSx,72.4,76,3.6,0,-90
ZX725,2922.843638,4693.941987,-87.54,26,xPMSx,76,90,14,0,-90
LG309,2836.312716,1973.043912,3.45,0,xFSx,0,0,0,0,-90
LG309,2836.312716,1973.043912,1.15,0,xFSx,0,2.3,2.3,0,-90
LG309,2836.312716,1973.043912,0.35,2,xBYx,2.3,3.1,0.8,0,-90
LG309,2836.312716,1973.043912,-1.95,3,xGSSx,3.1,5.4,2.3,0,-90
LG309,2836.312716,1973.043912,-3.95,7,xMSCx,5.4,7.4,2,0,-90
LG309,2836.312716,1973.043912,-12.05,9,xGMCx,7.4,15.5,8.1,0,-90
LG309,2836.312716,1973.043912,-16.55,10,xGCx,15.5,20,4.5,0,-90
LG309,2836.312716,1973.043912,-26.05,11,xGSCx,20,29.5,9.5,0,-90
LG309,2836.312716,1973.043912,-42.05,14,xSaCx,29.5,45.5,16,0,-90
ZX188,2823.832784,491.7240935,4.01,0,xFSx,0,0,0,0,-90
ZX188,2823.832784,491.7240935,2.51,0,xFSx,0,1.5,1.5,0,-90
ZX188,2823.832784,491.7240935,0.61,2,xBYx,1.5,3.4,1.9,0,-90
ZX188,2823.832784,491.7240935,-3.79,7,xMSCx,3.4,7.8,4.4,0,-90
ZX188,2823.832784,491.7240935,-11.49,9,xGMCx,7.8,15.5,7.7,0,-90
ZX188,2823.832784,491.7240935,-15.79,10,xGCx,15.5,19.8,4.3,0,-90
ZX188,2823.832784,491.7240935,-23.49,11,xGSCx,19.8,27.5,7.7,0,-90
ZX188,2823.832784,491.7240935,-39.49,14,xSaCx,27.5,43.5,16,0,-90
ZX188,2823.832784,491.7240935,-43.29,15,xRSCx,43.5,47.3,3.8,0,-90
ZX188,2823.832784,491.7240935,-61.29,19,xYax,47.3,65.3,18,0,-90
ZX188,2823.832784,491.7240935,-71.44,24,xSCax,65.3,75.45,10.15,0,-90
ZX796,2730.089725,3252.996676,2.67,0,xFSx,0,0,0,0,-90
ZX796,2730.089725,3252.996676,1.57,0,xFSx,0,1.1,1.1,0,-90
ZX796,2730.089725,3252.996676,-1.13,2,xBYx,1.1,3.8,2.7,0,-90
ZX796,2730.089725,3252.996676,-5.93,7,xMSCx,3.8,8.6,4.8,0,-90
ZX796,2730.089725,3252.996676,-13.63,9,xGMCx,8.6,16.3,7.7,0,-90
ZX796,2730.089725,3252.996676,-14.33,11,xGSCx,16.3,17,0.7,0,-90
ZX796,2730.089725,3252.996676,-17.58,12,xGSSx,17,20.25,3.25,0,-90
LG13,2710.314492,1180.360615,3.88,0,xFSx,0,0,0,0,-90
LG13,2710.314492,1180.360615,1.88,0,xFSx,0,2,2,0,-90
LG13,2710.314492,1180.360615,0.58,2,xBYx,2,3.3,1.3,0,-90
LG13,2710.314492,1180.360615,-4.12,7,xMSCx,3.3,8,4.7,0,-90
LG13,2710.314492,1180.360615,-12.62,9,xGMCx,8,16.5,8.5,0,-90
LG13,2710.314492,1180.360615,-18.62,10,xGCx,16.5,22.5,6,0,-90
LG13,2710.314492,1180.360615,-22.12,11,xGSCx,22.5,26,3.5,0,-90
LG13,2710.314492,1180.360615,-41.12,14,xSaCx,26,45,19,0,-90
LG13,2710.314492,1180.360615,-43.12,15,xRSCx,45,47,2,0,-90
LG13,2710.314492,1180.360615,-56.12,19,xYax,47,60,13,0,-90
LG14,2691.284996,441.6482313,4.5,0,xFSx,0,0,0,0,-90
LG14,2691.284996,441.6482313,3.8,0,xFSx,0,0.7,0.7,0,-90
LG14,2691.284996,441.6482313,0.9,2,xBYx,0.7,3.6,2.9,0,-90
LG14,2691.284996,441.6482313,-4,7,xMSCx,3.6,8.5,4.9,0,-90
LG14,2691.284996,441.6482313,-12.7,9,xGMCx,8.5,17.2,8.7,0,-90
LG14,2691.284996,441.6482313,-19.7,10,xGCx,17.2,24.2,7,0,-90
LG14,2691.284996,441.6482313,-23.7,11,xGSCx,24.2,28.2,4,0,-90
LG14,2691.284996,441.6482313,-25.5,14,xSaCx,28.2,30,1.8,0,-90
ZX823,2647.935312,2121.051619,3.15,0,xFSx,0,0,0,0,-90
ZX823,2647.935312,2121.051619,-0.35,0,xFSx,0,3.5,3.5,0,-90
ZX823,2647.935312,2121.051619,-0.75,1,xBYCx,3.5,3.9,0.4,0,-90
ZX823,2647.935312,2121.051619,-4.85,7,xMSCx,3.9,8,4.1,0,-90
ZX823,2647.935312,2121.051619,-10.85,9,xGMCx,8,14,6,0,-90
ZX823,2647.935312,2121.051619,-15.65,10,xGCx,14,18.8,4.8,0,-90
ZX823,2647.935312,2121.051619,-25.35,11,xGSCx,18.8,28.5,9.7,0,-90
ZX823,2647.935312,2121.051619,-41.75,14,xSaCx,28.5,44.9,16.4,0,-90
ZX823,2647.935312,2121.051619,-46.45,15,xRSCx,44.9,49.6,4.7,0,-90
ZX823,2647.935312,2121.051619,-52.1,19,xYax,49.6,55.25,5.65,0,-90
SG1,2534.448356,2157.98519,3.45,0,xFSx,0,0,0,0,-90
SG1,2534.448356,2157.98519,1.15,0,xFSx,0,2.3,2.3,0,-90
SG1,2534.448356,2157.98519,0.35,2,xBYx,2.3,3.1,0.8,0,-90
SG1,2534.448356,2157.98519,-1.95,3,xGSSx,3.1,5.4,2.3,0,-90
SG1,2534.448356,2157.98519,-3.95,7,xMSCx,5.4,7.4,2,0,-90
SG1,2534.448356,2157.98519,-12.05,9,xGMCx,7.4,15.5,8.1,0,-90
SG1,2534.448356,2157.98519,-15.55,10,xGCx,15.5,19,3.5,0,-90
SG1,2534.448356,2157.98519,-26.05,11,xGSCx,19,29.5,10.5,0,-90
SG1,2534.448356,2157.98519,-42.05,14,xSaCx,29.5,45.5,16,0,-90
ZX854,2525.327726,1477.997567,4.34,0,xFSx,0,0,0,0,-90
ZX854,2525.327726,1477.997567,2.34,0,xFSx,0,2,2,0,-90
ZX854,2525.327726,1477.997567,1.14,2,xBYx,2,3.2,1.2,0,-90
ZX854,2525.327726,1477.997567,-3.66,7,xMSCx,3.2,8,4.8,0,-90
ZX854,2525.327726,1477.997567,-11.36,9,xGMCx,8,15.7,7.7,0,-90
ZX854,2525.327726,1477.997567,-16.36,10,xGCx,15.7,20.7,5,0,-90
ZX854,2525.327726,1477.997567,-25.16,11,xGSCx,20.7,29.5,8.8,0,-90
ZX854,2525.327726,1477.997567,-33.66,12,xGSSx,29.5,38,8.5,0,-90
ZX854,2525.327726,1477.997567,-44.16,14,xSaCx,38,48.5,10.5,0,-90
ZX854,2525.327726,1477.997567,-47.16,15,xRSCx,48.5,51.5,3,0,-90
ZX854,2525.327726,1477.997567,-63.66,19,xYax,51.5,68,16.5,0,-90
ZX854,2525.327726,1477.997567,-71.66,24,xSCax,68,76,8,0,-90
ZX854,2525.327726,1477.997567,-90.66,26,xPMSx,76,95,19,0,-90
LG21,2521.438597,1966.054912,3.75,0,xFSx,0,0,0,0,-90
LG21,2521.438597,1966.054912,1.75,0,xFSx,0,2,2,0,-90
LG21,2521.438597,1966.054912,0.25,2,xBYx,2,3.5,1.5,0,-90
LG21,2521.438597,1966.054912,-4.75,7,xMSCx,3.5,8.5,5,0,-90
LG21,2521.438597,1966.054912,-13.75,9,xGMCx,8.5,17.5,9,0,-90
LG21,2521.438597,1966.054912,-17.75,10,xGCx,17.5,21.5,4,0,-90
LG21,2521.438597,1966.054912,-26.25,11,xGSCx,21.5,30,8.5,0,-90
LG21,2521.438597,1966.054912,-45.25,14,xSaCx,30,49,19,0,-90
LG21,2521.438597,1966.054912,-47.25,15,xRSCx,49,51,2,0,-90
LG21,2521.438597,1966.054912,-63.75,19,xYax,51,67.5,16.5,0,-90
LG21,2521.438597,1966.054912,-70.55,22,xGSSx,67.5,74.3,6.8,0,-90
LG21,2521.438597,1966.054912,-73.55,23,xGSCx,74.3,77.3,3,0,-90
LG21,2521.438597,1966.054912,-81.25,24,xSCax,77.3,85,7.7,0,-90
LG266,2432.403895,711.5523786,4.48,0,xFSx,0,0,0,0,-90
LG266,2432.403895,711.5523786,2.78,0,xFSx,0,1.7,1.7,0,-90
LG266,2432.403895,711.5523786,0.98,2,xBYx,1.7,3.5,1.8,0,-90
LG266,2432.403895,711.5523786,-2.32,7,xMSCx,3.5,6.8,3.3,0,-90
LG266,2432.403895,711.5523786,-12.32,9,xGMCx,6.8,16.8,10,0,-90
LG266,2432.403895,711.5523786,-16.02,10,xGCx,16.8,20.5,3.7,0,-90
LG266,2432.403895,711.5523786,-23.52,11,xGSCx,20.5,28,7.5,0,-90
LG266,2432.403895,711.5523786,-25.82,14,xSaCx,28,30.3,2.3,0,-90
ZX187,2385.451375,1146.385734,4.2,0,xFSx,0,0,0,0,-90
ZX187,2385.451375,1146.385734,3.5,0,xFSx,0,0.7,0.7,0,-90
ZX187,2385.451375,1146.385734,2,2,xBYx,0.7,2.2,1.5,0,-90
ZX187,2385.451375,1146.385734,-2.8,7,xMSCx,2.2,7,4.8,0,-90
ZX187,2385.451375,1146.385734,-12.5,9,xGMCx,7,16.7,9.7,0,-90
ZX187,2385.451375,1146.385734,-23.8,11,xGSCx,16.7,28,11.3,0,-90
ZX187,2385.451375,1146.385734,-31.8,12,xGSSx,28,36,8,0,-90
ZX187,2385.451375,1146.385734,-41.4,14,xSaCx,36,45.6,9.6,0,-90
ZX187,2385.451375,1146.385734,-45.6,15,xRSCx,45.6,49.8,4.2,0,-90
ZX187,2385.451375,1146.385734,-61.8,19,xYax,49.8,66,16.2,0,-90
ZX187,2385.451375,1146.385734,-67.7,23,xGSCx,66,71.9,5.9,0,-90
ZX187,2385.451375,1146.385734,-70.8,24,xSCax,71.9,75,3.1,0,-90
SG3,2381.487894,1680.18035,3.25,0,xFSx,0,0,0,0,-90
SG3,2381.487894,1680.18035,1.75,0,xFSx,0,1.5,1.5,0,-90
SG3,2381.487894,1680.18035,-0.25,2,xBYx,1.5,3.5,2,0,-90
SG3,2381.487894,1680.18035,-5.15,7,xMSCx,3.5,8.4,4.9,0,-90
SG3,2381.487894,1680.18035,-10.75,9,xGMCx,8.4,14,5.6,0,-90
SG3,2381.487894,1680.18035,-18.75,10,xGCx,14,22,8,0,-90
SG3,2381.487894,1680.18035,-26.75,11,xGSCx,22,30,8,0,-90
SG2,2320.525923,1947.079115,3.38,0,xFSx,0,0,0,0,-90
SG2,2320.525923,1947.079115,1.88,0,xFSx,0,1.5,1.5,0,-90
SG2,2320.525923,1947.079115,0.88,2,xBYx,1.5,2.5,1,0,-90
SG2,2320.525923,1947.079115,-5.62,7,xMSCx,2.5,9,6.5,0,-90
SG2,2320.525923,1947.079115,-13.62,9,xGMCx,9,17,8,0,-90
SG2,2320.525923,1947.079115,-21.62,10,xGCx,17,25,8,0,-90
SG2,2320.525923,1947.079115,-25.62,11,xGSCx,25,29,4,0,-90
SG2,2320.525923,1947.079115,-31.62,13,xGSax,29,35,6,0,-90
LG27,2220.517132,1160.397258,3.89,0,xFSx,0,0,0,0,-90
LG27,2220.517132,1160.397258,0.79,0,xFSx,0,3.1,3.1,0,-90
LG27,2220.517132,1160.397258,-3.31,7,xMSCx,3.1,7.2,4.1,0,-90
LG27,2220.517132,1160.397258,-10.61,9,xGMCx,7.2,14.5,7.3,0,-90
LG27,2220.517132,1160.397258,-16.41,10,xGCx,14.5,20.3,5.8,0,-90
LG27,2220.517132,1160.397258,-24.61,11,xGSCx,20.3,28.5,8.2,0,-90
LG27,2220.517132,1160.397258,-44.61,14,xSaCx,28.5,48.5,20,0,-90
LG27,2220.517132,1160.397258,-46.11,15,xRSCx,48.5,50,1.5,0,-90
LG27,2220.517132,1160.397258,-51.11,19,xYax,50,55,5,0,-90
ZX797,2191.165895,3211.199232,2.68,0,xFSx,0,0,0,0,-90
ZX797,2191.165895,3211.199232,0.98,0,xFSx,0,1.7,1.7,0,-90
ZX797,2191.165895,3211.199232,-0.32,2,xBYx,1.7,3,1.3,0,-90
ZX797,2191.165895,3211.199232,-5.62,7,xMSCx,3,8.3,5.3,0,-90
ZX797,2191.165895,3211.199232,-13.12,9,xGMCx,8.3,15.8,7.5,0,-90
ZX797,2191.165895,3211.199232,-16.32,10,xGCx,15.8,19,3.2,0,-90
ZX797,2191.165895,3211.199232,-25.32,11,xGSCx,19,28,9,0,-90
ZX797,2191.165895,3211.199232,-41.82,14,xSaCx,28,44.5,16.5,0,-90
ZX797,2191.165895,3211.199232,-46.92,15,xRSCx,44.5,49.6,5.1,0,-90
ZX797,2191.165895,3211.199232,-53.32,19,xYax,49.6,56,6.4,0,-90
LG301,2185.515396,866.5093715,4.07,0,xFSx,0,0,0,0,-90
LG301,2185.515396,866.5093715,1.97,0,xFSx,0,2.1,2.1,0,-90
LG301,2185.515396,866.5093715,-2.23,7,xMSCx,2.1,6.3,4.2,0,-90
LG301,2185.515396,866.5093715,-11.93,9,xGMCx,6.3,16,9.7,0,-90
LG301,2185.515396,866.5093715,-18.63,10,xGCx,16,22.7,6.7,0,-90
LG301,2185.515396,866.5093715,-24.43,11,xGSCx,22.7,28.5,5.8,0,-90
LG301,2185.515396,866.5093715,-25.93,14,xSaCx,28.5,30,1.5,0,-90
LG31,2107.530356,563.6352598,3.58,0,xFSx,0,0,0,0,-90
LG31,2107.530356,563.6352598,0.38,0,xFSx,0,3.2,3.2,0,-90
LG31,2107.530356,563.6352598,-5.22,7,xMSCx,3.2,8.8,5.6,0,-90
LG31,2107.530356,563.6352598,-13.42,9,xGMCx,8.8,17,8.2,0,-90
LG31,2107.530356,563.6352598,-20.42,10,xGCx,17,24,7,0,-90
LG31,2107.530356,563.6352598,-24.32,11,xGSCx,24,27.9,3.9,0,-90
LG31,2107.530356,563.6352598,-41.42,14,xSaCx,27.9,45,17.1,0,-90
LG31,2107.530356,563.6352598,-43.42,15,xRSCx,45,47,2,0,-90
LG31,2107.530356,563.6352598,-52.42,19,xYax,47,56,9,0,-90
ZX824,2079.742849,2003.175195,4.23,0,xFSx,0,0,0,0,-90
ZX824,2079.742849,2003.175195,1.73,0,xFSx,0,2.5,2.5,0,-90
ZX824,2079.742849,2003.175195,0.13,2,xBYx,2.5,4.1,1.6,0,-90
ZX824,2079.742849,2003.175195,-5.27,7,xMSCx,4.1,9.5,5.4,0,-90
ZX824,2079.742849,2003.175195,-11.07,9,xGMCx,9.5,15.3,5.8,0,-90
ZX824,2079.742849,2003.175195,-15.47,10,xGCx,15.3,19.7,4.4,0,-90
ZX824,2079.742849,2003.175195,-21.47,11,xGSCx,19.7,25.7,6,0,-90
ZX824,2079.742849,2003.175195,-27.77,12,xGSSx,25.7,32,6.3,0,-90
ZX824,2079.742849,2003.175195,-43.77,14,xSaCx,32,48,16,0,-90
ZX824,2079.742849,2003.175195,-66.77,19,xYax,48,71,23,0,-90
ZX824,2079.742849,2003.175195,-70.77,24,xSCax,71,75,4,0,-90
ZX1227,2070.166691,606.7149363,3.59,0,xFSx,0,0,0,0,-90
ZX1227,2070.166691,606.7149363,1.79,0,xFSx,0,1.8,1.8,0,-90
ZX1227,2070.166691,606.7149363,0.39,2,xBYx,1.8,3.2,1.4,0,-90
ZX1227,2070.166691,606.7149363,-5.21,7,xMSCx,3.2,8.8,5.6,0,-90
ZX1227,2070.166691,606.7149363,-13.41,9,xGMCx,8.8,17,8.2,0,-90
ZX1227,2070.166691,606.7149363,-20.41,10,xGCx,17,24,7,0,-90
ZX1227,2070.166691,606.7149363,-25.41,11,xGSCx,24,29,5,0,-90
ZX1227,2070.166691,606.7149363,-41.41,14,xSaCx,29,45,16,0,-90
ZX1227,2070.166691,606.7149363,-43.41,15,xRSCx,45,47,2,0,-90
ZX1227,2070.166691,606.7149363,-52.41,19,xYax,47,56,9,0,-90
LG33,2069.520053,422.6969495,4.23,0,xFSx,0,0,0,0,-90
LG33,2069.520053,422.6969495,1.23,0,xFSx,0,3,3,0,-90
LG33,2069.520053,422.6969495,-2.77,7,xMSCx,3,7,4,0,-90
LG33,2069.520053,422.6969495,-13.77,9,xGMCx,7,18,11,0,-90
LG33,2069.520053,422.6969495,-19.77,10,xGCx,18,24,6,0,-90
LG33,2069.520053,422.6969495,-22.77,11,xGSCx,24,27,3,0,-90
LG33,2069.520053,422.6969495,-39.77,14,xSaCx,27,44,17,0,-90
LG33,2069.520053,422.6969495,-43.77,15,xRSCx,44,48,4,0,-90
LG33,2069.520053,422.6969495,-58.77,19,xYax,48,63,15,0,-90
LG40,2015.538323,307.7449785,3.99,0,xFSx,0,0,0,0,-90
LG40,2015.538323,307.7449785,2.29,0,xFSx,0,1.7,1.7,0,-90
LG40,2015.538323,307.7449785,0.99,2,xBYx,1.7,3,1.3,0,-90
LG40,2015.538323,307.7449785,-3.51,7,xMSCx,3,7.5,4.5,0,-90
LG40,2015.538323,307.7449785,-12.01,9,xGMCx,7.5,16,8.5,0,-90
LG40,2015.538323,307.7449785,-18.51,10,xGCx,16,22.5,6.5,0,-90
LG40,2015.538323,307.7449785,-22.01,11,xGSCx,22.5,26,3.5,0,-90
LG40,2015.538323,307.7449785,-36.01,14,xSaCx,26,40,14,0,-90
LG44,1998.573553,669.5979796,3.82,0,xFSx,0,0,0,0,-90
LG44,1998.573553,669.5979796,1.42,0,xFSx,0,2.4,2.4,0,-90
LG44,1998.573553,669.5979796,0.02,2,xBYx,2.4,3.8,1.4,0,-90
LG44,1998.573553,669.5979796,-3.18,7,xMSCx,3.8,7,3.2,0,-90
LG44,1998.573553,669.5979796,-14.58,9,xGMCx,7,18.4,11.4,0,-90
LG44,1998.573553,669.5979796,-20.18,10,xGCx,18.4,24,5.6,0,-90
LG44,1998.573553,669.5979796,-23.18,11,xGSCx,24,27,3,0,-90
LG44,1998.573553,669.5979796,-43.18,14,xSaCx,27,47,20,0,-90
LG44,1998.573553,669.5979796,-48.18,15,xRSCx,47,52,5,0,-90
LG44,1998.573553,669.5979796,-61.68,19,xYax,52,65.5,13.5,0,-90
LG42,1997.542885,152.8040811,5.4,0,xFSx,0,0,0,0,-90
LG42,1997.542885,152.8040811,2.4,0,xFSx,0,3,3,0,-90
LG42,1997.542885,152.8040811,-6.9,7,xMSCx,3,12.3,9.3,0,-90
LG42,1997.542885,152.8040811,-12.6,9,xGMCx,12.3,18,5.7,0,-90
LG42,1997.542885,152.8040811,-19.1,10,xGCx,18,24.5,6.5,0,-90
LG42,1997.542885,152.8040811,-20.6,11,xGSCx,24.5,26,1.5,0,-90
LG42,1997.542885,152.8040811,-24.6,14,xSaCx,26,30,4,0,-90
LG267,1946.602529,903.5129931,4.05,0,xFSx,0,0,0,0,-90
LG267,1946.602529,903.5129931,1.55,0,xFSx,0,2.5,2.5,0,-90
LG267,1946.602529,903.5129931,-3.45,7,xMSCx,2.5,7.5,5,0,-90
LG267,1946.602529,903.5129931,-12.55,9,xGMCx,7.5,16.6,9.1,0,-90
LG267,1946.602529,903.5129931,-15.95,10,xGCx,16.6,20,3.4,0,-90
LG267,1946.602529,903.5129931,-24.45,11,xGSCx,20,28.5,8.5,0,-90
LG267,1946.602529,903.5129931,-45.95,14,xSaCx,28.5,50,21.5,0,-90
LG267,1946.602529,903.5129931,-46.95,15,xRSCx,50,51,1,0,-90
LG267,1946.602529,903.5129931,-51.15,19,xYax,51,55.2,4.2,0,-90
ZX883,1943.604924,902.5114307,4.08,0,xFSx,0,0,0,0,-90
ZX883,1943.604924,902.5114307,3.08,0,xFSx,0,1,1,0,-90
ZX883,1943.604924,902.5114307,0.88,2,xBYx,1,3.2,2.2,0,-90
ZX883,1943.604924,902.5114307,-3.12,7,xMSCx,3.2,7.2,4,0,-90
ZX883,1943.604924,902.5114307,-12.92,9,xGMCx,7.2,17,9.8,0,-90
ZX883,1943.604924,902.5114307,-17.92,10,xGCx,17,22,5,0,-90
ZX883,1943.604924,902.5114307,-21.92,11,xGSCx,22,26,4,0,-90
ZX883,1943.604924,902.5114307,-44.72,14,xSaCx,26,48.8,22.8,0,-90
ZX883,1943.604924,902.5114307,-47.32,15,xRSCx,48.8,51.4,2.6,0,-90
ZX883,1943.604924,902.5114307,-50.92,19,xYax,51.4,55,3.6,0,-90
LG53,1927.611758,798.5565296,3.89,0,xFSx,0,0,0,0,-90
LG53,1927.611758,798.5565296,2.89,0,xFSx,0,1,1,0,-90
LG53,1927.611758,798.5565296,0.69,2,xBYx,1,3.2,2.2,0,-90
LG53,1927.611758,798.5565296,-3.11,7,xMSCx,3.2,7,3.8,0,-90
LG53,1927.611758,798.5565296,-13.21,9,xGMCx,7,17.1,10.1,0,-90
LG53,1927.611758,798.5565296,-19.11,10,xGCx,17.1,23,5.9,0,-90
LG53,1927.611758,798.5565296,-23.71,11,xGSCx,23,27.6,4.6,0,-90
LG53,1927.611758,798.5565296,-46.61,14,xSaCx,27.6,50.5,22.9,0,-90
LG53,1927.611758,798.5565296,-48.31,15,xRSCx,50.5,52.2,1.7,0,-90
LG53,1927.611758,798.5565296,-51.41,19,xYax,52.2,55.3,3.1,0,-90
LG57,1895.621637,713.5873891,3.78,0,xFSx,0,0,0,0,-90
LG57,1895.621637,713.5873891,2.58,0,xFSx,0,1.2,1.2,0,-90
LG57,1895.621637,713.5873891,1.18,2,xBYx,1.2,2.6,1.4,0,-90
LG57,1895.621637,713.5873891,-3.82,7,xMSCx,2.6,7.6,5,0,-90
LG57,1895.621637,713.5873891,-15.22,9,xGMCx,7.6,19,11.4,0,-90
LG57,1895.621637,713.5873891,-19.22,10,xGCx,19,23,4,0,-90
LG57,1895.621637,713.5873891,-22.22,11,xGSCx,23,26,3,0,-90
LG57,1895.621637,713.5873891,-44.22,14,xSaCx,26,48,22,0,-90
LG57,1895.621637,713.5873891,-46.82,15,xRSCx,48,50.6,2.6,0,-90
LG57,1895.621637,713.5873891,-53.22,19,xYax,50.6,57,6.4,0,-90
ZX798,1883.747698,2911.721033,3.24,0,xFSx,0,0,0,0,-90
ZX798,1883.747698,2911.721033,2.04,0,xFSx,0,1.2,1.2,0,-90
ZX798,1883.747698,2911.721033,0.24,1,xBYCx,1.2,3,1.8,0,-90
ZX798,1883.747698,2911.721033,-4.26,7,xMSCx,3,7.5,4.5,0,-90
ZX798,1883.747698,2911.721033,-13.76,9,xGMCx,7.5,17,9.5,0,-90
ZX798,1883.747698,2911.721033,-19.76,10,xGCx,17,23,6,0,-90
ZX798,1883.747698,2911.721033,-25.76,11,xGSCx,23,29,6,0,-90
ZX798,1883.747698,2911.721033,-26.76,14,xSaCx,29,30,1,0,-90
ZX909,1876.774354,10.46779239,5.15,0,xFSx,0,0,0,0,-90
ZX909,1876.774354,10.46779239,3.95,0,xFSx,0,1.2,1.2,0,-90
ZX909,1876.774354,10.46779239,-1.85,5,xGCSx,1.2,7,5.8,0,-90
ZX909,1876.774354,10.46779239,-5.85,7,xMSCx,7,11,4,0,-90
ZX909,1876.774354,10.46779239,-15.15,9,xGMCx,11,20.3,9.3,0,-90
ZX909,1876.774354,10.46779239,-23.05,10,xGCx,20.3,28.2,7.9,0,-90
ZX909,1876.774354,10.46779239,-24.35,11,xGSCx,28.2,29.5,1.3,0,-90
ZX909,1876.774354,10.46779239,-24.85,14,xSaCx,29.5,30,0.5,0,-90
ZX727,1839.231116,4762.842891,2.8,0,xFSx,0,0,0,0,-90
ZX727,1839.231116,4762.842891,0.8,0,xFSx,0,2,2,0,-90
ZX727,1839.231116,4762.842891,-0.4,2,xBYx,2,3.2,1.2,0,-90
ZX727,1839.231116,4762.842891,-6.1,7,xMSCx,3.2,8.9,5.7,0,-90
ZX727,1839.231116,4762.842891,-14.7,9,xGMCx,8.9,17.5,8.6,0,-90
ZX727,1839.231116,4762.842891,-18.3,10,xGCx,17.5,21.1,3.6,0,-90
ZX727,1839.231116,4762.842891,-25.3,11,xGSCx,21.1,28.1,7,0,-90
ZX727,1839.231116,4762.842891,-35.2,14,xSaCx,28.1,38,9.9,0,-90
ZX727,1839.231116,4762.842891,-37.7,15,xRSCx,38,40.5,2.5,0,-90
ZX727,1839.231116,4762.842891,-55,19,xYax,40.5,57.8,17.3,0,-90
ZX727,1839.231116,4762.842891,-67.7,23,xGSCx,57.8,70.5,12.7,0,-90
ZX727,1839.231116,4762.842891,-73.2,24,xSCax,70.5,76,5.5,0,-90
ZX727,1839.231116,4762.842891,-102.2,26,xPMSx,76,105,29,0,-90
ZX855,1814.281009,1379.409691,3.82,0,xFSx,0,0,0,0,-90
ZX855,1814.281009,1379.409691,1.72,0,xFSx,0,2.1,2.1,0,-90
ZX855,1814.281009,1379.409691,0.02,2,xBYx,2.1,3.8,1.7,0,-90
ZX855,1814.281009,1379.409691,-5.18,7,xMSCx,3.8,9,5.2,0,-90
ZX855,1814.281009,1379.409691,-11.18,9,xGMCx,9,15,6,0,-90
ZX855,1814.281009,1379.409691,-14.18,10,xGCx,15,18,3,0,-90
ZX855,1814.281009,1379.409691,-24.68,11,xGSCx,18,28.5,10.5,0,-90
ZX855,1814.281009,1379.409691,-49.48,14,xSaCx,28.5,53.3,24.8,0,-90
ZX855,1814.281009,1379.409691,-66.18,19,xYax,53.3,70,16.7,0,-90
ZX855,1814.281009,1379.409691,-73.18,24,xSCax,70,77,7,0,-90
ZX855,1814.281009,1379.409691,-86.18,26,xPMSx,77,90,13,0,-90
LG61,1810.634663,523.6703054,3.58,0,xFSx,0,0,0,0,-90
LG61,1810.634663,523.6703054,0.58,0,xFSx,0,3,3,0,-90
LG61,1810.634663,523.6703054,-2.42,7,xMSCx,3,6,3,0,-90
LG61,1810.634663,523.6703054,-12.82,9,xGMCx,6,16.4,10.4,0,-90
LG61,1810.634663,523.6703054,-20.22,10,xGCx,16.4,23.8,7.4,0,-90
LG61,1810.634663,523.6703054,-23.42,11,xGSCx,23.8,27,3.2,0,-90
LG61,1810.634663,523.6703054,-43.02,14,xSaCx,27,46.6,19.6,0,-90
LG61,1810.634663,523.6703054,-47.02,15,xRSCx,46.6,50.6,4,0,-90
LG61,1810.634663,523.6703054,-61.72,19,xYax,50.6,65.3,14.7,0,-90
LG65,1741.632333,28.86280999,-0.18,0,xGSSx,0,0,0,0,-90
LG65,1741.632333,28.86280999,-6.98,4,xGSSx,0,6.8,6.8,0,-90
LG65,1741.632333,28.86280999,-15.58,9,xGMCx,6.8,15.4,8.6,0,-90
LG65,1741.632333,28.86280999,-19.38,10,xGCx,15.4,19.2,3.8,0,-90
LG65,1741.632333,28.86280999,-26.18,11,xGSCx,19.2,26,6.8,0,-90
LG65,1741.632333,28.86280999,-40.38,14,xSaCx,26,40.2,14.2,0,-90
LG65,1741.632333,28.86280999,-46.58,15,xRSCx,40.2,46.4,6.2,0,-90
LG65,1741.632333,28.86280999,-60.58,19,xYax,46.4,60.4,14,0,-90
LG65,1741.632333,28.86280999,-106.18,24,xSCax,60.4,106,45.6,0,-90
LG66,1739.655036,373.7346499,4.13,0,xFSx,0,0,0,0,-90
LG66,1739.655036,373.7346499,2.13,0,xFSx,0,2,2,0,-90
LG66,1739.655036,373.7346499,1.13,2,xBYx,2,3,1,0,-90
LG66,1739.655036,373.7346499,-2.47,3,xGSSx,3,6.6,3.6,0,-90
LG66,1739.655036,373.7346499,-3.67,7,xMSCx,6.6,7.8,1.2,0,-90
LG66,1739.655036,373.7346499,-13.07,9,xGMCx,7.8,17.2,9.4,0,-90
LG66,1739.655036,373.7346499,-15.87,10,xGCx,17.2,20,2.8,0,-90
LG66,1739.655036,373.7346499,-20.27,11,xGSCx,20,24.4,4.4,0,-90
LG66,1739.655036,373.7346499,-41.47,14,xSaCx,24.4,45.6,21.2,0,-90
LG66,1739.655036,373.7346499,-46.37,15,xRSCx,45.6,50.5,4.9,0,-90
LG66,1739.655036,373.7346499,-60.47,19,xYax,50.5,64.6,14.1,0,-90
LG268,1732.697952,1007.480039,4.09,0,xFSx,0,0,0,0,-90
LG268,1732.697952,1007.480039,2.39,0,xFSx,0,1.7,1.7,0,-90
LG268,1732.697952,1007.480039,1.09,2,xBYx,1.7,3,1.3,0,-90
LG268,1732.697952,1007.480039,-3.31,7,xMSCx,3,7.4,4.4,0,-90
LG268,1732.697952,1007.480039,-12.41,9,xGMCx,7.4,16.5,9.1,0,-90
LG268,1732.697952,1007.480039,-15.91,10,xGCx,16.5,20,3.5,0,-90
LG268,1732.697952,1007.480039,-19.91,11,xGSCx,20,24,4,0,-90
LG268,1732.697952,1007.480039,-31.36,13,xGSax,24,35.45,11.45,0,-90
C1,1722.675962,515.6807258,3.69,0,xFSx,0,0,0,0,-90
C1,1722.675962,515.6807258,2.29,0,xFSx,0,1.4,1.4,0,-90
C1,1722.675962,515.6807258,0.89,2,xBYx,1.4,2.8,1.4,0,-90
C1,1722.675962,515.6807258,-5.11,7,xMSCx,2.8,8.8,6,0,-90
C1,1722.675962,515.6807258,-12.71,9,xGMCx,8.8,16.4,7.6,0,-90
C1,1722.675962,515.6807258,-16.31,10,xGCx,16.4,20,3.6,0,-90
C1,1722.675962,515.6807258,-27.81,11,xGSCx,20,31.5,11.5,0,-90
C1,1722.675962,515.6807258,-36.71,13,xGSax,31.5,40.4,8.9,0,-90
C1,1722.675962,515.6807258,-42.91,14,xSaCx,40.4,46.6,6.2,0,-90
C1,1722.675962,515.6807258,-66.31,19,xYax,46.6,70,23.4,0,-90
LG68,1720.6519,183.8027749,4.32,0,xFSx,0,0,0,0,-90
LG68,1720.6519,183.8027749,2.52,0,xFSx,0,1.8,1.8,0,-90
LG68,1720.6519,183.8027749,-8.28,4,xGSSx,1.8,12.6,10.8,0,-90
LG68,1720.6519,183.8027749,-14.68,9,xGMCx,12.6,19,6.4,0,-90
LG68,1720.6519,183.8027749,-19.68,10,xGCx,19,24,5,0,-90
LG68,1720.6519,183.8027749,-40.28,14,xSaCx,24,44.6,20.6,0,-90
LG68,1720.6519,183.8027749,-46.88,15,xRSCx,44.6,51.2,6.6,0,-90
LG68,1720.6519,183.8027749,-59.48,19,xYax,51.2,63.8,12.6,0,-90
LG68,1720.6519,183.8027749,-75.68,24,xSCax,63.8,80,16.2,0,-90
LG70,1649.67742,248.784369,4.32,0,xFSx,0,0,0,0,-90
LG70,1649.67742,248.784369,2.12,0,xFSx,0,2.2,2.2,0,-90
LG70,1649.67742,248.784369,-2.28,4,xGSSx,2.2,6.6,4.4,0,-90
LG70,1649.67742,248.784369,-4.48,7,xMSCx,6.6,8.8,2.2,0,-90
LG70,1649.67742,248.784369,-12.28,9,xGMCx,8.8,16.6,7.8,0,-90
LG70,1649.67742,248.784369,-25.68,11,xGSCx,16.6,30,13.4,0,-90
LG70,1649.67742,248.784369,-40.08,14,xSaCx,30,44.4,14.4,0,-90
LG70,1649.67742,248.784369,-42.48,15,xRSCx,44.4,46.8,2.4,0,-90
LG70,1649.67742,248.784369,-60.68,19,xYax,46.8,65,18.2,0,-90
LG71,1641.672202,33.86628876,4.9,0,xFSx,0,0,0,0,-90
LG71,1641.672202,33.86628876,0.7,0,xFSx,0,4.2,4.2,0,-90
LG71,1641.672202,33.86628876,-7.5,4,xGSSx,4.2,12.4,8.2,0,-90
LG71,1641.672202,33.86628876,-14.3,9,xGMCx,12.4,19.2,6.8,0,-90
LG71,1641.672202,33.86628876,-26.1,11,xGSCx,19.2,31,11.8,0,-90
LG71,1641.672202,33.86628876,-39.3,14,xSaCx,31,44.2,13.2,0,-90
LG71,1641.672202,33.86628876,-41.3,15,xRSCx,44.2,46.2,2,0,-90
LG71,1641.672202,33.86628876,-59.9,19,xYax,46.2,64.8,18.6,0,-90
LG71,1641.672202,33.86628876,-75.1,24,xSCax,64.8,80,15.2,0,-90
LG71,1641.672202,33.86628876,-110.1,26,xPMSx,80,115,35,0,-90
ZX189,1591.688979,34.87328502,4.89,0,xFSx,0,0,0,0,-90
ZX189,1591.688979,34.87328502,2.49,0,xFSx,0,2.4,2.4,0,-90
ZX189,1591.688979,34.87328502,1.09,2,xBYx,2.4,3.8,1.4,0,-90
ZX189,1591.688979,34.87328502,-4.21,3,xGSSx,3.8,9.1,5.3,0,-90
ZX189,1591.688979,34.87328502,-6.11,7,xMSCx,9.1,11,1.9,0,-90
ZX189,1591.688979,34.87328502,-14.31,9,xGMCx,11,19.2,8.2,0,-90
ZX189,1591.688979,34.87328502,-22.11,11,xGSCx,19.2,27,7.8,0,-90
ZX189,1591.688979,34.87328502,-25.11,14,xSaCx,27,30,3,0,-90
SG29,1462.791436,799.578357,3.82,0,xFSx,0,0,0,0,-90
SG29,1462.791436,799.578357,2.62,0,xFSx,0,1.2,1.2,0,-90
SG29,1462.791436,799.578357,0.82,2,xBYx,1.2,3,1.8,0,-90
SG29,1462.791436,799.578357,-3.38,7,xMSCx,3,7.2,4.2,0,-90
SG29,1462.791436,799.578357,-13.38,9,xGMCx,7.2,17.2,10,0,-90
SG29,1462.791436,799.578357,-16.18,10,xGCx,17.2,20,2.8,0,-90
SG29,1462.791436,799.578357,-25.18,11,xGSCx,20,29,9,0,-90
SG29,1462.791436,799.578357,-45.38,14,xSaCx,29,49.2,20.2,0,-90
SG29,1462.791436,799.578357,-56.18,19,xYax,49.2,60,10.8,0,-90
LG83,1455.788322,592.6644726,3.7,0,xFSx,0,0,0,0,-90
LG83,1455.788322,592.6644726,2.7,0,xFSx,0,1,1,0,-90
LG83,1455.788322,592.6644726,0.7,2,xBYx,1,3,2,0,-90
LG83,1455.788322,592.6644726,-3.3,7,xMSCx,3,7,4,0,-90
LG83,1455.788322,592.6644726,-11.9,9,xGMCx,7,15.6,8.6,0,-90
LG83,1455.788322,592.6644726,-19.1,10,xGCx,15.6,22.8,7.2,0,-90
LG83,1455.788322,592.6644726,-23,11,xGSCx,22.8,26.7,3.9,0,-90
LG83,1455.788322,592.6644726,-26.4,14,xSaCx,26.7,30.1,3.4,0,-90
ZX884,1424.431424,842.6042985,3.83,0,xFSx,0,0,0,0,-90
ZX884,1424.431424,842.6042985,2.63,0,xFSx,0,1.2,1.2,0,-90
ZX884,1424.431424,842.6042985,0.83,2,xBYx,1.2,3,1.8,0,-90
ZX884,1424.431424,842.6042985,-3.37,7,xMSCx,3,7.2,4.2,0,-90
ZX884,1424.431424,842.6042985,-13.37,9,xGMCx,7.2,17.2,10,0,-90
ZX884,1424.431424,842.6042985,-16.17,10,xGCx,17.2,20,2.8,0,-90
ZX884,1424.431424,842.6042985,-25.17,11,xGSCx,20,29,9,0,-90
ZX884,1424.431424,842.6042985,-45.37,14,xSaCx,29,49.2,20.2,0,-90
ZX884,1424.431424,842.6042985,-56.17,19,xYax,49.2,60,10.8,0,-90
LG269,1376.850684,1143.445295,3.51,0,xFSx,0,0,0,0,-90
LG269,1376.850684,1143.445295,0.91,0,xFSx,0,2.6,2.6,0,-90
LG269,1376.850684,1143.445295,0.51,2,xBYx,2.6,3,0.4,0,-90
LG269,1376.850684,1143.445295,-3.29,7,xMSCx,3,6.8,3.8,0,-90
LG269,1376.850684,1143.445295,-12.99,9,xGMCx,6.8,16.5,9.7,0,-90
LG269,1376.850684,1143.445295,-16.49,10,xGCx,16.5,20,3.5,0,-90
LG269,1376.850684,1143.445295,-21.19,11,xGSCx,20,24.7,4.7,0,-90
LG269,1376.850684,1143.445295,-31.94,13,xGSax,24.7,35.45,10.75,0,-90
ZX746,1372.514805,4205.206132,3.39,0,xFSx,0,0,0,0,-90
ZX746,1372.514805,4205.206132,1.79,0,xFSx,0,1.6,1.6,0,-90
ZX746,1372.514805,4205.206132,0.09,2,xBYx,1.6,3.3,1.7,0,-90
ZX746,1372.514805,4205.206132,-4.81,7,xMSCx,3.3,8.2,4.9,0,-90
ZX746,1372.514805,4205.206132,-12.81,9,xGMCx,8.2,16.2,8,0,-90
ZX746,1372.514805,4205.206132,-17.61,10,xGCx,16.2,21,4.8,0,-90
ZX746,1372.514805,4205.206132,-27.01,11,xGSCx,21,30.4,9.4,0,-90
ZX746,1372.514805,4205.206132,-45.61,14,xSaCx,30.4,49,18.6,0,-90
ZX746,1372.514805,4205.206132,-58.31,19,xYax,49,61.7,12.7,0,-90
ZX746,1372.514805,4205.206132,-64.61,23,xGSCx,61.7,68,6.3,0,-90
ZX746,1372.514805,4205.206132,-71.61,25,xGFSx,68,75,7,0,-90
LG91,1342.845343,957.524964,4.4,0,xFSx,0,0,0,0,-90
LG91,1342.845343,957.524964,2.7,0,xFSx,0,1.7,1.7,0,-90
LG91,1342.845343,957.524964,0.9,2,xBYx,1.7,3.5,1.8,0,-90
LG91,1342.845343,957.524964,-3.7,7,xMSCx,3.5,8.1,4.6,0,-90
LG91,1342.845343,957.524964,-12.1,9,xGMCx,8.1,16.5,8.4,0,-90
LG91,1342.845343,957.524964,-17.5,10,xGCx,16.5,21.9,5.4,0,-90
LG91,1342.845343,957.524964,-21.8,11,xGSCx,21.9,26.2,4.3,0,-90
LG91,1342.845343,957.524964,-48.6,14,xSaCx,26.2,53,26.8,0,-90
LG91,1342.845343,957.524964,-63.6,19,xYax,53,68,15,0,-90
LG91,1342.845343,957.524964,-65.6,24,xSCax,68,70,2,0,-90
LG92,1337.911171,2007.111538,3.55,0,xFSx,0,0,0,0,-90
LG92,1337.911171,2007.111538,1.75,0,xFSx,0,1.8,1.8,0,-90
LG92,1337.911171,2007.111538,0.15,2,xBYx,1.8,3.4,1.6,0,-90
LG92,1337.911171,2007.111538,-1.85,7,xMSCx,3.4,5.4,2,0,-90
LG92,1337.911171,2007.111538,-2.85,8,xGSSx,5.4,6.4,1,0,-90
LG92,1337.911171,2007.111538,-15.55,9,xGMCx,6.4,19.1,12.7,0,-90
LG92,1337.911171,2007.111538,-20.45,10,xGCx,19.1,24,4.9,0,-90
LG92,1337.911171,2007.111538,-22.45,11,xGSCx,24,26,2,0,-90
LG92,1337.911171,2007.111538,-37.95,14,xSaCx,26,41.5,15.5,0,-90
LG92,1337.911171,2007.111538,-41.75,15,xRSCx,41.5,45.3,3.8,0,-90
LG92,1337.911171,2007.111538,-67.45,19,xYax,45.3,71,25.7,0,-90
LG92,1337.911171,2007.111538,-71.95,24,xSCax,71,75.5,4.5,0,-90
ZX728,1334.052174,4910.95892,3.31,0,xFSx,0,0,0,0,-90
ZX728,1334.052174,4910.95892,2.11,0,xFSx,0,1.2,1.2,0,-90
ZX728,1334.052174,4910.95892,1.11,2,xBYx,1.2,2.2,1,0,-90
ZX728,1334.052174,4910.95892,-2.29,7,xMSCx,2.2,5.6,3.4,0,-90
ZX728,1334.052174,4910.95892,-11.09,9,xGMCx,5.6,14.4,8.8,0,-90
ZX728,1334.052174,4910.95892,-13.69,10,xGCx,14.4,17,2.6,0,-90
ZX728,1334.052174,4910.95892,-25.69,11,xGSCx,17,29,12,0,-90
ZX728,1334.052174,4910.95892,-48.29,14,xSaCx,29,51.6,22.6,0,-90
ZX728,1334.052174,4910.95892,-52.49,19,xYax,51.6,55.8,4.2,0,-90
ZX728,1334.052174,4910.95892,-56.69,22,xGSSx,55.8,60,4.2,0,-90
ZX728,1334.052174,4910.95892,-63.69,23,xGSCx,60,67,7,0,-90
ZX728,1334.052174,4910.95892,-69.69,24,xSCax,67,73,6,0,-90
ZX728,1334.052174,4910.95892,-86.29,26,xPMSx,73,89.6,16.6,0,-90
ZX856,1333.888954,1562.283669,4.01,0,xFSx,0,0,0,0,-90
ZX856,1333.888954,1562.283669,2.21,0,xFSx,0,1.8,1.8,0,-90
ZX856,1333.888954,1562.283669,0.61,2,xBYx,1.8,3.4,1.6,0,-90
ZX856,1333.888954,1562.283669,-3.59,7,xMSCx,3.4,7.6,4.2,0,-90
ZX856,1333.888954,1562.283669,-12.79,9,xGMCx,7.6,16.8,9.2,0,-90
ZX856,1333.888954,1562.283669,-27.49,10,xGCx,16.8,31.5,14.7,0,-90
ZX856,1333.888954,1562.283669,-41.99,14,xSaCx,31.5,46,14.5,0,-90
ZX856,1333.888954,1562.283669,-65.99,19,xYax,46,70,24,0,-90
ZX164,1311.943883,2411.946715,2.9,0,xFSx,0,0,0,0,-90
ZX164,1311.943883,2411.946715,1.1,0,xFSx,0,1.8,1.8,0,-90
ZX164,1311.943883,2411.946715,0.6,1,xBYCx,1.8,2.3,0.5,0,-90
ZX164,1311.943883,2411.946715,-2.5,3,xGSSx,2.3,5.4,3.1,0,-90
ZX164,1311.943883,2411.946715,-4.9,7,xMSCx,5.4,7.8,2.4,0,-90
ZX164,1311.943883,2411.946715,-14.1,9,xGMCx,7.8,17,9.2,0,-90
ZX164,1311.943883,2411.946715,-20,10,xGCx,17,22.9,5.9,0,-90
ZX164,1311.943883,2411.946715,-27.1,11,xGSCx,22.9,30,7.1,0,-90
ZX164,1311.943883,2411.946715,-37.1,14,xSaCx,30,40,10,0,-90
ZX164,1311.943883,2411.946715,-40.9,15,xRSCx,40,43.8,3.8,0,-90
ZX164,1311.943883,2411.946715,-43.1,19,xYax,43.8,46,2.2,0,-90
LG95,1309.879694,1257.40997,3.69,0,xFSx,0,0,0,0,-90
LG95,1309.879694,1257.40997,2.09,0,xFSx,0,1.6,1.6,0,-90
LG95,1309.879694,1257.40997,-0.11,2,xBYx,1.6,3.8,2.2,0,-90
LG95,1309.879694,1257.40997,-3.31,7,xMSCx,3.8,7,3.2,0,-90
LG95,1309.879694,1257.40997,-13.31,9,xGMCx,7,17,10,0,-90
LG95,1309.879694,1257.40997,-15.31,10,xGCx,17,19,2,0,-90
LG95,1309.879694,1257.40997,-19.91,11,xGSCx,19,23.6,4.6,0,-90
LG95,1309.879694,1257.40997,-31.31,14,xSaCx,23.6,35,11.4,0,-90
LG96,1308.943553,2386.956747,3.74,0,xFSx,0,0,0,0,-90
LG96,1308.943553,2386.956747,1.04,0,xFSx,0,2.7,2.7,0,-90
LG96,1308.943553,2386.956747,0.34,2,xBYx,2.7,3.4,0.7,0,-90
LG96,1308.943553,2386.956747,-3.76,7,xMSCx,3.4,7.5,4.1,0,-90
LG96,1308.943553,2386.956747,-11.26,9,xGMCx,7.5,15,7.5,0,-90
LG96,1308.943553,2386.956747,-18.66,10,xGCx,15,22.4,7.4,0,-90
LG96,1308.943553,2386.956747,-23.26,11,xGSCx,22.4,27,4.6,0,-90
LG96,1308.943553,2386.956747,-35.76,14,xSaCx,27,39.5,12.5,0,-90
LG96,1308.943553,2386.956747,-38.26,15,xRSCx,39.5,42,2.5,0,-90
LG96,1308.943553,2386.956747,-65.26,19,xYax,42,69,27,0,-90
LG96,1308.943553,2386.956747,-76.26,24,xSCax,69,80,11,0,-90
ZX910,1295.736697,101.8054242,4.38,0,xFSx,0,0,0,0,-90
ZX910,1295.736697,101.8054242,-0.62,0,xFSx,0,5,5,0,-90
ZX910,1295.736697,101.8054242,-4.02,5,xGCSx,5,8.4,3.4,0,-90
ZX910,1295.736697,101.8054242,-7.62,7,xMSCx,8.4,12,3.6,0,-90
ZX910,1295.736697,101.8054242,-12.62,9,xGMCx,12,17,5,0,-90
ZX910,1295.736697,101.8054242,-20.62,11,xGSCx,17,25,8,0,-90
ZX910,1295.736697,101.8054242,-25.62,12,xGSSx,25,30,5,0,-90
LG98,1292.892177,1353.367319,3.45,0,xFSx,0,0,0,0,-90
LG98,1292.892177,1353.367319,2.25,0,xFSx,0,1.2,1.2,0,-90
LG98,1292.892177,1353.367319,-0.15,2,xBYx,1.2,3.6,2.4,0,-90
LG98,1292.892177,1353.367319,-5.95,7,xMSCx,3.6,9.4,5.8,0,-90
LG98,1292.892177,1353.367319,-12.55,9,xGMCx,9.4,16,6.6,0,-90
LG98,1292.892177,1353.367319,-16.55,10,xGCx,16,20,4,0,-90
LG98,1292.892177,1353.367319,-18.55,11,xGSCx,20,22,2,0,-90
LG98,1292.892177,1353.367319,-37.25,14,xSaCx,22,40.7,18.7,0,-90
ZX1226,1283.945935,2262.017863,4.44,0,xFSx,0,0,0,0,-90
ZX1226,1283.945935,2262.017863,2.84,0,xFSx,0,1.6,1.6,0,-90
ZX1226,1283.945935,2262.017863,1.24,2,xBYx,1.6,3.2,1.6,0,-90
ZX1226,1283.945935,2262.017863,-3.56,7,xMSCx,3.2,8,4.8,0,-90
ZX1226,1283.945935,2262.017863,-12.86,9,xGMCx,8,17.3,9.3,0,-90
ZX1226,1283.945935,2262.017863,-15.56,10,xGCx,17.3,20,2.7,0,-90
ZX1226,1283.945935,2262.017863,-24.56,11,xGSCx,20,29,9,0,-90
ZX1226,1283.945935,2262.017863,-25.56,14,xSaCx,29,30,1,0,-90
G4,1257.83555,150.846257,4.19,0,xFSx,0,0,0,0,-90
G4,1257.83555,150.846257,-0.31,0,xFSx,0,4.5,4.5,0,-90
G4,1257.83555,150.846257,-9.31,4,xGSSx,4.5,13.5,9,0,-90
G4,1257.83555,150.846257,-12.81,9,xGMCx,13.5,17,3.5,0,-90
G4,1257.83555,150.846257,-15.91,10,xGCx,17,20.1,3.1,0,-90
G4,1257.83555,150.846257,-22.81,11,xGSCx,20.1,27,6.9,0,-90
G4,1257.83555,150.846257,-25.31,13,xGSax,27,29.5,2.5,0,-90
G4,1257.83555,150.846257,-47.31,14,xSaCx,29.5,51.5,22,0,-90
G4,1257.83555,150.846257,-49.31,15,xRSCx,51.5,53.5,2,0,-90
G4,1257.83555,150.846257,-66.81,19,xYax,53.5,71,17.5,0,-90
G4,1257.83555,150.846257,-70.76,24,xSCax,71,74.95,3.95,0,-90
ZX1126,1140.54188,553.7350881,4,0,xFSx,0,0,0,0,-90
ZX1126,1140.54188,553.7350881,1.8,0,xFSx,0,2.2,2.2,0,-90
ZX1126,1140.54188,553.7350881,0.5,2,xBYx,2.2,3.5,1.3,0,-90
ZX1126,1140.54188,553.7350881,-3.9,7,xMSCx,3.5,7.9,4.4,0,-90
ZX1126,1140.54188,553.7350881,-12.4,9,xGMCx,7.9,16.4,8.5,0,-90
ZX1126,1140.54188,553.7350881,-17.2,10,xGCx,16.4,21.2,4.8,0,-90
ZX1126,1140.54188,553.7350881,-21.8,11,xGSCx,21.2,25.8,4.6,0,-90
ZX1126,1140.54188,553.7350881,-48,12,xGSSx,25.8,52,26.2,0,-90
ZX1126,1140.54188,553.7350881,-66,19,xYax,52,70,18,0,-90
ZX1126,1140.54188,553.7350881,-71.34,24,xSCax,70,75.34,5.34,0,-90
LG270,1053.979828,1192.443836,4.03,0,xFSx,0,0,0,0,-90
LG270,1053.979828,1192.443836,2.33,0,xFSx,0,1.7,1.7,0,-90
LG270,1053.979828,1192.443836,0.83,2,xBYx,1.7,3.2,1.5,0,-90
LG270,1053.979828,1192.443836,-2.97,7,xMSCx,3.2,7,3.8,0,-90
LG270,1053.979828,1192.443836,-12.67,9,xGMCx,7,16.7,9.7,0,-90
LG270,1053.979828,1192.443836,-15.97,10,xGCx,16.7,20,3.3,0,-90
LG270,1053.979828,1192.443836,-19.97,11,xGSCx,20,24,4,0,-90
LG270,1053.979828,1192.443836,-30.97,13,xGSax,24,35,11,0,-90
LG270,1053.979828,1192.443836,-34.27,15,xRSCx,35,38.3,3.3,0,-90
LG270,1053.979828,1192.443836,-36.27,19,xYax,38.3,40.3,2,0,-90
LG302,998.0746583,2445.94887,3.8,0,xFSx,0,0,0,0,-90
LG302,998.0746583,2445.94887,2.5,0,xFSx,0,1.3,1.3,0,-90
LG302,998.0746583,2445.94887,0.8,2,xBYx,1.3,3,1.7,0,-90
LG302,998.0746583,2445.94887,-3,7,xMSCx,3,6.8,3.8,0,-90
LG302,998.0746583,2445.94887,-12.3,9,xGMCx,6.8,16.1,9.3,0,-90
LG302,998.0746583,2445.94887,-19.2,10,xGCx,16.1,23,6.9,0,-90
LG302,998.0746583,2445.94887,-24.2,11,xGSCx,23,28,5,0,-90
LG302,998.0746583,2445.94887,-36.1,14,xSaCx,28,39.9,11.9,0,-90
LG302,998.0746583,2445.94887,-38.9,15,xRSCx,39.9,42.7,2.8,0,-90
LG302,998.0746583,2445.94887,-39.6,19,xYax,42.7,43.4,0.7,0,-90
SG32,992.9901652,1065.506039,3.8,0,xFSx,0,0,0,0,-90
SG32,992.9901652,1065.506039,2.4,0,xFSx,0,1.4,1.4,0,-90
SG32,992.9901652,1065.506039,0.8,2,xBYx,1.4,3,1.6,0,-90
SG32,992.9901652,1065.506039,-3.2,7,xMSCx,3,7,4,0,-90
SG32,992.9901652,1065.506039,-12.7,9,xGMCx,7,16.5,9.5,0,-90
SG32,992.9901652,1065.506039,-17.2,10,xGCx,16.5,21,4.5,0,-90
SG32,992.9901652,1065.506039,-23.7,11,xGSCx,21,27.5,6.5,0,-90
SG32,992.9901652,1065.506039,-49.2,14,xSaCx,27.5,53,25.5,0,-90
SG32,992.9901652,1065.506039,-50.2,15,xRSCx,53,54,1,0,-90
SG32,992.9901652,1065.506039,-71.7,19,xYax,54,75.5,21.5,0,-90
SG32,992.9901652,1065.506039,-86,24,xSCax,75.5,89.8,14.3,0,-90
LG108,979.9786873,882.576372,4.32,0,xFSx,0,0,0,0,-90
LG108,979.9786873,882.576372,2.52,0,xFSx,0,1.8,1.8,0,-90
LG108,979.9786873,882.576372,0.92,2,xBYx,1.8,3.4,1.6,0,-90
LG108,979.9786873,882.576372,-3.28,7,xMSCx,3.4,7.6,4.2,0,-90
LG108,979.9786873,882.576372,-14.18,9,xGMCx,7.6,18.5,10.9,0,-90
LG108,979.9786873,882.576372,-16.68,10,xGCx,18.5,21,2.5,0,-90
LG108,979.9786873,882.576372,-23.68,11,xGSCx,21,28,7,0,-90
LG108,979.9786873,882.576372,-30.18,14,xSaCx,28,34.5,6.5,0,-90
LG108,979.9786873,882.576372,-32.68,15,xRSCx,34.5,37,2.5,0,-90
LG108,979.9786873,882.576372,-40.68,19,xYax,37,45,8,0,-90
ZX885,942.6410939,925.5758674,4.33,0,xFSx,0,0,0,0,-90
ZX885,942.6410939,925.5758674,2.53,0,xFSx,0,1.8,1.8,0,-90
ZX885,942.6410939,925.5758674,0.93,2,xBYx,1.8,3.4,1.6,0,-90
ZX885,942.6410939,925.5758674,-3.27,7,xMSCx,3.4,7.6,4.2,0,-90
ZX885,942.6410939,925.5758674,-14.17,9,xGMCx,7.6,18.5,10.9,0,-90
ZX885,942.6410939,925.5758674,-24.67,11,xGSCx,18.5,29,10.5,0,-90
ZX885,942.6410939,925.5758674,-30.17,14,xSaCx,29,34.5,5.5,0,-90
ZX885,942.6410939,925.5758674,-32.67,15,xRSCx,34.5,37,2.5,0,-90
ZX885,942.6410939,925.5758674,-40.67,19,xYax,37,45,8,0,-90
LG303,918.0692457,1864.186008,3.75,0,xFSx,0,0,0,0,-90
LG303,918.0692457,1864.186008,2.55,0,xFSx,0,1.2,1.2,0,-90
LG303,918.0692457,1864.186008,0.75,2,xBYx,1.2,3,1.8,0,-90
LG303,918.0692457,1864.186008,-2.75,7,xMSCx,3,6.5,3.5,0,-90
LG303,918.0692457,1864.186008,-12.65,9,xGMCx,6.5,16.4,9.9,0,-90
LG303,918.0692457,1864.186008,-20.15,10,xGCx,16.4,23.9,7.5,0,-90
LG303,918.0692457,1864.186008,-22.55,11,xGSCx,23.9,26.3,2.4,0,-90
LG303,918.0692457,1864.186008,-35.45,14,xSaCx,26.3,39.2,12.9,0,-90
LG303,918.0692457,1864.186008,-36.25,15,xRSCx,39.2,40,0.8,0,-90
LG115,847.0493254,961.5485355,2.38,0,xFSx,0,0,0,0,-90
LG115,847.0493254,961.5485355,0.78,0,xFSx,0,1.6,1.6,0,-90
LG115,847.0493254,961.5485355,-0.82,2,xBYx,1.6,3.2,1.6,0,-90
LG115,847.0493254,961.5485355,-3.62,7,xMSCx,3.2,6,2.8,0,-90
LG115,847.0493254,961.5485355,-13.42,9,xGMCx,6,15.8,9.8,0,-90
LG115,847.0493254,961.5485355,-15.42,10,xGCx,15.8,17.8,2,0,-90
LG115,847.0493254,961.5485355,-23.62,11,xGSCx,17.8,26,8.2,0,-90
LG115,847.0493254,961.5485355,-29.62,14,xSaCx,26,32,6,0,-90
LG115,847.0493254,961.5485355,-33.32,15,xRSCx,32,35.7,3.7,0,-90
LG115,847.0493254,961.5485355,-37.62,19,xYax,35.7,40,4.3,0,-90
SG36,765.0602946,759.6338357,4.28,0,xFSx,0,0,0,0,-90
SG36,765.0602946,759.6338357,3.18,0,xFSx,0,1.1,1.1,0,-90
SG36,765.0602946,759.6338357,1.48,2,xBYx,1.1,2.8,1.7,0,-90
SG36,765.0602946,759.6338357,-3.22,7,xMSCx,2.8,7.5,4.7,0,-90
SG36,765.0602946,759.6338357,-12.22,9,xGMCx,7.5,16.5,9,0,-90
SG36,765.0602946,759.6338357,-16.72,10,xGCx,16.5,21,4.5,0,-90
SG36,765.0602946,759.6338357,-22.92,11,xGSCx,21,27.2,6.2,0,-90
SG36,765.0602946,759.6338357,-25.72,16,xDGx,27.2,30,2.8,0,-90
SG36,765.0602946,759.6338357,-33.72,18,xYSSx,30,38,8,0,-90
SG36,765.0602946,759.6338357,-65.72,19,xYax,38,70,32,0,-90
SG36,765.0602946,759.6338357,-75.72,24,xSCax,70,80,10,0,-90
LG127,709.0914462,889.5892485,4.01,0,xFSx,0,0,0,0,-90
LG127,709.0914462,889.5892485,2.91,0,xFSx,0,1.1,1.1,0,-90
LG127,709.0914462,889.5892485,1.31,2,xBYx,1.1,2.7,1.6,0,-90
LG127,709.0914462,889.5892485,-3.79,7,xMSCx,2.7,7.8,5.1,0,-90
LG127,709.0914462,889.5892485,-11.99,9,xGMCx,7.8,16,8.2,0,-90
LG127,709.0914462,889.5892485,-15.99,10,xGCx,16,20,4,0,-90
LG127,709.0914462,889.5892485,-21.79,11,xGSCx,20,25.8,5.8,0,-90
LG127,709.0914462,889.5892485,-25.99,16,xDGx,25.8,30,4.2,0,-90
LG127,709.0914462,889.5892485,-31.99,18,xYSSx,30,36,6,0,-90
LG127,709.0914462,889.5892485,-65.99,19,xYax,36,70,34,0,-90
LG130,669.1271738,1176.476605,4.17,0,xFSx,0,0,0,0,-90
LG130,669.1271738,1176.476605,2.67,0,xFSx,0,1.5,1.5,0,-90
LG130,669.1271738,1176.476605,0.67,2,xBYx,1.5,3.5,2,0,-90
LG130,669.1271738,1176.476605,-5.33,7,xMSCx,3.5,9.5,6,0,-90
LG130,669.1271738,1176.476605,-12.83,9,xGMCx,9.5,17,7.5,0,-90
LG130,669.1271738,1176.476605,-18.63,10,xGCx,17,22.8,5.8,0,-90
LG130,669.1271738,1176.476605,-21.53,11,xGSCx,22.8,25.7,2.9,0,-90
LG130,669.1271738,1176.476605,-28.33,14,xSaCx,25.7,32.5,6.8,0,-90
LG130,669.1271738,1176.476605,-30.33,15,xRSCx,32.5,34.5,2,0,-90
LG130,669.1271738,1176.476605,-31.83,18,xYSSx,34.5,36,1.5,0,-90
LG130,669.1271738,1176.476605,-66.23,19,xYax,36,70.4,34.4,0,-90
SG33,650.142445,1245.448759,3.77,0,xFSx,0,0,0,0,-90
SG33,650.142445,1245.448759,2.27,0,xFSx,0,1.5,1.5,0,-90
SG33,650.142445,1245.448759,-0.03,2,xBYx,1.5,3.8,2.3,0,-90
SG33,650.142445,1245.448759,-5.73,7,xMSCx,3.8,9.5,5.7,0,-90
SG33,650.142445,1245.448759,-12.73,9,xGMCx,9.5,16.5,7,0,-90
SG33,650.142445,1245.448759,-15.93,10,xGCx,16.5,19.7,3.2,0,-90
SG33,650.142445,1245.448759,-25.73,11,xGSCx,19.7,29.5,9.8,0,-90
SG33,650.142445,1245.448759,-27.73,16,xDGx,29.5,31.5,2,0,-90
SG33,650.142445,1245.448759,-33.23,18,xYSSx,31.5,37,5.5,0,-90
SG33,650.142445,1245.448759,-68.23,19,xYax,37,72,35,0,-90
SG33,650.142445,1245.448759,-81.73,24,xSCax,72,85.5,13.5,0,-90
ZX132,645.7404721,4489.068811,3.62,0,xFSx,0,0,0,0,-90
ZX132,645.7404721,4489.068811,1.12,0,xFSx,0,2.5,2.5,0,-90
ZX132,645.7404721,4489.068811,-0.08,2,xBYx,2.5,3.7,1.2,0,-90
ZX132,645.7404721,4489.068811,-4.38,7,xMSCx,3.7,8,4.3,0,-90
ZX132,645.7404721,4489.068811,-14.68,9,xGMCx,8,18.3,10.3,0,-90
ZX132,645.7404721,4489.068811,-22.38,10,xGCx,18.3,26,7.7,0,-90
ZX132,645.7404721,4489.068811,-26.38,11,xGSCx,26,30,4,0,-90
ZX132,645.7404721,4489.068811,-40.88,14,xSaCx,30,44.5,14.5,0,-90
ZX132,645.7404721,4489.068811,-61.38,19,xYax,44.5,65,20.5,0,-90
ZX132,645.7404721,4489.068811,-71.38,24,xSCax,65,75,10,0,-90
SG37,601.1351372,933.5788641,4.01,0,xFSx,0,0,0,0,-90
SG37,601.1351372,933.5788641,2.91,0,xFSx,0,1.1,1.1,0,-90
SG37,601.1351372,933.5788641,1.31,2,xBYx,1.1,2.7,1.6,0,-90
SG37,601.1351372,933.5788641,-3.79,7,xMSCx,2.7,7.8,5.1,0,-90
SG37,601.1351372,933.5788641,-11.99,9,xGMCx,7.8,16,8.2,0,-90
SG37,601.1351372,933.5788641,-16.69,10,xGCx,16,20.7,4.7,0,-90
SG37,601.1351372,933.5788641,-21.79,11,xGSCx,20.7,25.8,5.1,0,-90
SG37,601.1351372,933.5788641,-24.99,16,xDGx,25.8,29,3.2,0,-90
SG37,601.1351372,933.5788641,-31.89,18,xYSSx,29,35.9,6.9,0,-90
SG37,601.1351372,933.5788641,-65.99,19,xYax,35.9,70,34.1,0,-90
ZX911,583.2407071,270.9132344,3.99,0,xFSx,0,0,0,0,-90
ZX911,583.2407071,270.9132344,1.19,0,xFSx,0,2.8,2.8,0,-90
ZX911,583.2407071,270.9132344,-5.51,5,xGCSx,2.8,9.5,6.7,0,-90
ZX911,583.2407071,270.9132344,-11.01,6,xGSax,9.5,15,5.5,0,-90
ZX911,583.2407071,270.9132344,-12.51,9,xGMCx,15,16.5,1.5,0,-90
ZX911,583.2407071,270.9132344,-21.51,10,xGCx,16.5,25.5,9,0,-90
ZX911,583.2407071,270.9132344,-25.51,11,xGSCx,25.5,29.5,4,0,-90
ZX911,583.2407071,270.9132344,-26.01,17,xDSx,29.5,30,0.5,0,-90
LG271,519.1771434,899.5942868,4.03,0,xFSx,0,0,0,0,-90
LG271,519.1771434,899.5942868,2.03,0,xFSx,0,2,2,0,-90
LG271,519.1771434,899.5942868,-3.47,7,xMSCx,2,7.5,5.5,0,-90
LG271,519.1771434,899.5942868,-11.07,9,xGMCx,7.5,15.1,7.6,0,-90
LG271,519.1771434,899.5942868,-12.97,10,xGCx,15.1,17,1.9,0,-90
LG271,519.1771434,899.5942868,-19.17,11,xGSCx,17,23.2,6.2,0,-90
LG271,519.1771434,899.5942868,-21.97,16,xDGx,23.2,26,2.8,0,-90
LG271,519.1771434,899.5942868,-30.97,18,xYSSx,26,35,9,0,-90
ZX729,490.4094991,4957.522598,-1.53,0,xFSx,0,0,0,0,-90
ZX729,490.4094991,4957.522598,-5.03,0,xFSx,0,3.5,3.5,0,-90
ZX729,490.4094991,4957.522598,-14.13,9,xGMCx,3.5,12.6,9.1,0,-90
ZX729,490.4094991,4957.522598,-23.43,10,xGCx,12.6,21.9,9.3,0,-90
ZX729,490.4094991,4957.522598,-27.53,11,xGSCx,21.9,26,4.1,0,-90
ZX729,490.4094991,4957.522598,-31.53,14,xSaCx,26,30,4,0,-90
SG34,431.2337335,1274.449564,4.34,0,xFSx,0,0,0,0,-90
SG34,431.2337335,1274.449564,2.94,0,xFSx,0,1.4,1.4,0,-90
SG34,431.2337335,1274.449564,0.94,2,xBYx,1.4,3.4,2,0,-90
SG34,431.2337335,1274.449564,-3.46,7,xMSCx,3.4,7.8,4.4,0,-90
SG34,431.2337335,1274.449564,-12.76,9,xGMCx,7.8,17.1,9.3,0,-90
SG34,431.2337335,1274.449564,-15.66,10,xGCx,17.1,20,2.9,0,-90
SG34,431.2337335,1274.449564,-19.66,11,xGSCx,20,24,4,0,-90
SG34,431.2337335,1274.449564,-25.26,16,xDGx,24,29.6,5.6,0,-90
SG34,431.2337335,1274.449564,-32.66,18,xYSSx,29.6,37,7.4,0,-90
SG34,431.2337335,1274.449564,-66.66,19,xYax,37,71,34,0,-90
SG34,431.2337335,1274.449564,-81.16,24,xSCax,71,85.5,14.5,0,-90
LG272,387.2135659,755.663218,4,0,xFSx,0,0,0,0,-90
LG272,387.2135659,755.663218,1,0,xFSx,0,3,3,0,-90
LG272,387.2135659,755.663218,-3,4,xGSSx,3,7,4,0,-90
LG272,387.2135659,755.663218,-5.5,7,xMSCx,7,9.5,2.5,0,-90
LG272,387.2135659,755.663218,-11.3,9,xGMCx,9.5,15.3,5.8,0,-90
LG272,387.2135659,755.663218,-15.9,10,xGCx,15.3,19.9,4.6,0,-90
LG272,387.2135659,755.663218,-19.7,11,xGSCx,19.9,23.7,3.8,0,-90
LG272,387.2135659,755.663218,-24.3,16,xDGx,23.7,28.3,4.6,0,-90
LG272,387.2135659,755.663218,-31.5,18,xYSSx,28.3,35.5,7.2,0,-90
LG272,387.2135659,755.663218,-32,19,xYax,35.5,36,0.5,0,-90
LG133,348.2781328,1440.388583,4.13,0,xFSx,0,0,0,0,-90
LG133,348.2781328,1440.388583,1.83,0,xFSx,0,2.3,2.3,0,-90
LG133,348.2781328,1440.388583,0.43,2,xBYx,2.3,3.7,1.4,0,-90
LG133,348.2781328,1440.388583,-3.67,7,xMSCx,3.7,7.8,4.1,0,-90
LG133,348.2781328,1440.388583,-12.57,9,xGMCx,7.8,16.7,8.9,0,-90
LG133,348.2781328,1440.388583,-14.87,10,xGCx,16.7,19,2.3,0,-90
LG133,348.2781328,1440.388583,-20.67,11,xGSCx,19,24.8,5.8,0,-90
LG133,348.2781328,1440.388583,-24.87,16,xDGx,24.8,29,4.2,0,-90
LG133,348.2781328,1440.388583,-31.87,18,xYSSx,29,36,7,0,-90
LG133,348.2781328,1440.388583,-36.32,19,xYax,36,40.45,4.45,0,-90
LG305,335.227264,633.71008,4,0,xFSx,0,0,0,0,-90
LG305,335.227264,633.71008,1.1,0,xFSx,0,2.9,2.9,0,-90
LG305,335.227264,633.71008,-3,4,xGSSx,2.9,7,4.1,0,-90
LG305,335.227264,633.71008,-5.5,7,xMSCx,7,9.5,2.5,0,-90
LG305,335.227264,633.71008,-11.3,9,xGMCx,9.5,15.3,5.8,0,-90
LG305,335.227264,633.71008,-15.8,10,xGCx,15.3,19.8,4.5,0,-90
LG305,335.227264,633.71008,-19.7,11,xGSCx,19.8,23.7,3.9,0,-90
LG305,335.227264,633.71008,-24.3,16,xDGx,23.7,28.3,4.6,0,-90
LG305,335.227264,633.71008,-31.5,18,xYSSx,28.3,35.5,7.2,0,-90
LG305,335.227264,633.71008,-32,19,xYax,35.5,36,0.5,0,-90
SG50,331.2196909,436.7871986,4.13,0,xFSx,0,0,0,0,-90
SG50,331.2196909,436.7871986,1.23,0,xFSx,0,2.9,2.9,0,-90
SG50,331.2196909,436.7871986,-12.47,4,xGSSx,2.9,16.6,13.7,0,-90
SG50,331.2196909,436.7871986,-16.77,10,xGCx,16.6,20.9,4.3,0,-90
SG50,331.2196909,436.7871986,-22.67,11,xGSCx,20.9,26.8,5.9,0,-90
SG50,331.2196909,436.7871986,-32.57,14,xSaCx,26.8,36.7,9.9,0,-90
SG50,331.2196909,436.7871986,-55.92,19,xYax,36.7,60.05,23.35,0,-90
ZX826,292.5262435,2389.222635,3.87,0,xFSx,0,0,0,0,-90
ZX826,292.5262435,2389.222635,-0.13,0,xFSx,0,4,4,0,-90
ZX826,292.5262435,2389.222635,-4.73,7,xMSCx,4,8.6,4.6,0,-90
ZX826,292.5262435,2389.222635,-9.63,9,xGMCx,8.6,13.5,4.9,0,-90
ZX826,292.5262435,2389.222635,-13.73,10,xGCx,13.5,17.6,4.1,0,-90
ZX826,292.5262435,2389.222635,-20.83,11,xGSCx,17.6,24.7,7.1,0,-90
ZX826,292.5262435,2389.222635,-23.93,17,xDSx,24.7,27.8,3.1,0,-90
ZX826,292.5262435,2389.222635,-34.73,18,xYSSx,27.8,38.6,10.8,0,-90
ZX826,292.5262435,2389.222635,-41.13,19,xYax,38.6,45,6.4,0,-90
LG137,256.2741967,796.6546124,4.23,0,xFSx,0,0,0,0,-90
LG137,256.2741967,796.6546124,1.83,0,xFSx,0,2.4,2.4,0,-90
LG137,256.2741967,796.6546124,-3.27,4,xGSSx,2.4,7.5,5.1,0,-90
LG137,256.2741967,796.6546124,-4.37,7,xMSCx,7.5,8.6,1.1,0,-90
LG137,256.2741967,796.6546124,-13.37,9,xGMCx,8.6,17.6,9,0,-90
LG137,256.2741967,796.6546124,-15.77,10,xGCx,17.6,20,2.4,0,-90
LG137,256.2741967,796.6546124,-21.67,11,xGSCx,20,25.9,5.9,0,-90
LG137,256.2741967,796.6546124,-24.77,16,xDGx,25.9,29,3.1,0,-90
LG137,256.2741967,796.6546124,-29.77,18,xYSSx,29,34,5,0,-90
LG137,256.2741967,796.6546124,-35.77,19,xYax,34,40,6,0,-90
C2,196.3227367,1424.400898,3.5,0,xFSx,0,0,0,0,-90
C2,196.3227367,1424.400898,2,0,xFSx,0,1.5,1.5,0,-90
C2,196.3227367,1424.400898,1,2,xBYx,1.5,2.5,1,0,-90
C2,196.3227367,1424.400898,-2.9,7,xMSCx,2.5,6.4,3.9,0,-90
C2,196.3227367,1424.400898,-12,9,xGMCx,6.4,15.5,9.1,0,-90
C2,196.3227367,1424.400898,-19.3,10,xGCx,15.5,22.8,7.3,0,-90
C2,196.3227367,1424.400898,-23.5,16,xDGx,22.8,27,4.2,0,-90
C2,196.3227367,1424.400898,-33.5,18,xYSSx,27,37,10,0,-90
C2,196.3227367,1424.400898,-66.5,19,xYax,37,70,33,0,-90
ZX858,170.2908389,1790.4563,4.13,0,xFSx,0,0,0,0,-90
ZX858,170.2908389,1790.4563,2.13,0,xFSx,0,2,2,0,-90
ZX858,170.2908389,1790.4563,1.13,2,xBYx,2,3,1,0,-90
ZX858,170.2908389,1790.4563,-3.67,7,xMSCx,3,7.8,4.8,0,-90
ZX858,170.2908389,1790.4563,-13.17,9,xGMCx,7.8,17.3,9.5,0,-90
ZX858,170.2908389,1790.4563,-16.87,10,xGCx,17.3,21,3.7,0,-90
ZX858,170.2908389,1790.4563,-20.07,11,xGSCx,21,24.2,3.2,0,-90
ZX858,170.2908389,1790.4563,-23.87,17,xDSx,24.2,28,3.8,0,-90
ZX858,170.2908389,1790.4563,-31.87,18,xYSSx,28,36,8,0,-90
ZX858,170.2908389,1790.4563,-56.12,19,xYax,36,60.25,24.25,0,-90
ZX747,160.2278744,4338.577884,3.6,0,xFSx,0,0,0,0,-90
ZX747,160.2278744,4338.577884,1,0,xFSx,0,2.6,2.6,0,-90
ZX747,160.2278744,4338.577884,-2,3,xGSSx,2.6,5.6,3,0,-90
ZX747,160.2278744,4338.577884,-4.9,7,xMSCx,5.6,8.5,2.9,0,-90
ZX747,160.2278744,4338.577884,-11.9,9,xGMCx,8.5,15.5,7,0,-90
ZX747,160.2278744,4338.577884,-15.9,10,xGCx,15.5,19.5,4,0,-90
ZX747,160.2278744,4338.577884,-25.4,11,xGSCx,19.5,29,9.5,0,-90
ZX747,160.2278744,4338.577884,-26.4,14,xSaCx,29,30,1,0,-90
LG286,138.2614805,-31.00725103,4.17,0,xFSx,0,0,0,0,-90
LG286,138.2614805,-31.00725103,1.17,0,xFSx,0,3,3,0,-90
LG286,138.2614805,-31.00725103,-2.83,4,xGSSx,3,7,4,0,-90
LG286,138.2614805,-31.00725103,-4.83,7,xMSCx,7,9,2,0,-90
LG286,138.2614805,-31.00725103,-12.83,9,xGMCx,9,17,8,0,-90
LG286,138.2614805,-31.00725103,-16.43,10,xGCx,17,20.6,3.6,0,-90
LG286,138.2614805,-31.00725103,-21.13,11,xGSCx,20.6,25.3,4.7,0,-90
LG286,138.2614805,-31.00725103,-24.73,16,xDGx,25.3,28.9,3.6,0,-90
LG286,138.2614805,-31.00725103,-30.13,18,xYSSx,28.9,34.3,5.4,0,-90
LG286,138.2614805,-31.00725103,-34.03,19,xYax,34.3,38.2,3.9,0,-90
LG285,136.2782889,179.911354,1.29,0,xGCx,0,0,0,0,-90
LG285,136.2782889,179.911354,-20.01,10,xGCx,0,21.3,21.3,0,-90
LG285,136.2782889,179.911354,-23.71,16,xDGx,21.3,25,3.7,0,-90
LG285,136.2782889,179.911354,-30.21,18,xYSSx,25,31.5,6.5,0,-90
LG285,136.2782889,179.911354,-48.71,19,xYax,31.5,50,18.5,0,-90
LG284,133.2798166,287.8627391,1.29,0,xGCx,0,0,0,0,-90
LG284,133.2798166,287.8627391,-18.71,10,xGCx,0,20,20,0,-90
LG284,133.2798166,287.8627391,-21.71,11,xGSCx,20,23,3,0,-90
LG284,133.2798166,287.8627391,-24.01,16,xDGx,23,25.3,2.3,0,-90
LG284,133.2798166,287.8627391,-30.71,18,xYSSx,25.3,32,6.7,0,-90
LG284,133.2798166,287.8627391,-48.71,19,xYax,32,50,18,0,-90
LG142,123.3232853,893.6235762,4.51,0,xFSx,0,0,0,0,-90
LG142,123.3232853,893.6235762,2.21,0,xFSx,0,2.3,2.3,0,-90
LG142,123.3232853,893.6235762,-6.19,4,xGSSx,2.3,10.7,8.4,0,-90
LG142,123.3232853,893.6235762,-11.69,9,xGMCx,10.7,16.2,5.5,0,-90
LG142,123.3232853,893.6235762,-16.19,10,xGCx,16.2,20.7,4.5,0,-90
LG142,123.3232853,893.6235762,-20.49,11,xGSCx,20.7,25,4.3,0,-90
LG142,123.3232853,893.6235762,-25.49,16,xDGx,25,30,5,0,-90
G5,103.321818,573.748201,3.65,0,xFSx,0,0,0,0,-90
G5,103.321818,573.748201,-2.45,0,xFSx,0,6.1,6.1,0,-90
G5,103.321818,573.748201,-14.75,4,xGSSx,6.1,18.4,12.3,0,-90
G5,103.321818,573.748201,-16.35,10,xGCx,18.4,20,1.6,0,-90
G5,103.321818,573.748201,-22.35,11,xGSCx,20,26,6,0,-90
G5,103.321818,573.748201,-36.55,14,xSaCx,26,40.2,14.2,0,-90
G5,103.321818,573.748201,-70.85,19,xYax,40.2,74.5,34.3,0,-90
G5,103.321818,573.748201,-71.85,24,xSCax,74.5,75.5,1,0,-90
ZX912,98.97089146,222.8908732,-13.7,0,xGCx,0,0,0,0,-90
ZX912,98.97089146,222.8908732,-20,10,xGCx,0,6.3,6.3,0,-90
ZX912,98.97089146,222.8908732,-23.7,16,xDGx,6.3,10,3.7,0,-90
ZX912,98.97089146,222.8908732,-32.2,18,xYSSx,10,18.5,8.5,0,-90
ZX912,98.97089146,222.8908732,-63.7,19,xYax,18.5,50,31.5,0,-90
LG144,48.40545203,1698.300861,3.8,0,xFSx,0,0,0,0,-90
LG144,48.40545203,1698.300861,0.6,0,xFSx,0,3.2,3.2,0,-90
LG144,48.40545203,1698.300861,-4.7,7,xMSCx,3.2,8.5,5.3,0,-90
LG144,48.40545203,1698.300861,-12.2,9,xGMCx,8.5,16,7.5,0,-90
LG144,48.40545203,1698.300861,-15.7,10,xGCx,16,19.5,3.5,0,-90
LG144,48.40545203,1698.300861,-20,11,xGSCx,19.5,23.8,4.3,0,-90
LG144,48.40545203,1698.300861,-25.2,16,xDGx,23.8,29,5.2,0,-90
LG144,48.40545203,1698.300861,-32.2,18,xYSSx,29,36,7,0,-90
LG144,48.40545203,1698.300861,-41.27,19,xYax,36,45.07,9.07,0,-90
LG146,36.37285792,965.5936263,3.98,0,xFSx,0,0,0,0,-90
LG146,36.37285792,965.5936263,0.08,0,xFSx,0,3.9,3.9,0,-90
LG146,36.37285792,965.5936263,-11.52,4,xGSSx,3.9,15.5,11.6,0,-90
LG146,36.37285792,965.5936263,-12.52,9,xGMCx,15.5,16.5,1,0,-90
LG146,36.37285792,965.5936263,-15.02,10,xGCx,16.5,19,2.5,0,-90
LG146,36.37285792,965.5936263,-20.52,11,xGSCx,19,24.5,5.5,0,-90
LG146,36.37285792,965.5936263,-25.02,16,xDGx,24.5,29,4.5,0,-90
LG146,36.37285792,965.5936263,-33.02,18,xYSSx,29,37,8,0,-90
LG146,36.37285792,965.5936263,-41.02,19,xYax,37,45,8,0,-90
ZX1141,34.42446631,2062.16282,3.89,0,xFSx,0,0,0,0,-90
ZX1141,34.42446631,2062.16282,2.59,0,xFSx,0,1.3,1.3,0,-90
ZX1141,34.42446631,2062.16282,1.09,2,xBYx,1.3,2.8,1.5,0,-90
ZX1141,34.42446631,2062.16282,-4.11,3,xGSSx,2.8,8,5.2,0,-90
ZX1141,34.42446631,2062.16282,-12.81,9,xGMCx,8,16.7,8.7,0,-90
ZX1141,34.42446631,2062.16282,-19.51,10,xGCx,16.7,23.4,6.7,0,-90
ZX1141,34.42446631,2062.16282,-26.11,16,xDGx,23.4,30,6.6,0,-90
G2,5.390781502,1174.51918,4.65,0,xFSx,0,0,0,0,-90
G2,5.390781502,1174.51918,1.65,0,xFSx,0,3,3,0,-90
G2,5.390781502,1174.51918,0.15,4,xGSSx,3,4.5,1.5,0,-90
G2,5.390781502,1174.51918,-5.35,7,xMSCx,4.5,10,5.5,0,-90
G2,5.390781502,1174.51918,-12.35,9,xGMCx,10,17,7,0,-90
G2,5.390781502,1174.51918,-17.35,10,xGCx,17,22,5,0,-90
G2,5.390781502,1174.51918,-18.95,11,xGSCx,22,23.6,1.6,0,-90
G2,5.390781502,1174.51918,-23.35,16,xDGx,23.6,28,4.4,0,-90
G2,5.390781502,1174.51918,-33.35,18,xYSSx,28,38,10,0,-90
G2,5.390781502,1174.51918,-67.35,19,xYax,38,72,34,0,-90
G2,5.390781502,1174.51918,-70.35,24,xSCax,72,75,3,0,-90
ZX886,-0.969502505,1008.561823,3.98,0,xFSx,0,0,0,0,-90
ZX886,-0.969502505,1008.561823,0.08,0,xFSx,0,3.9,3.9,0,-90
ZX886,-0.969502505,1008.561823,-11.52,3,xGSSx,3.9,15.5,11.6,0,-90
ZX886,-0.969502505,1008.561823,-12.52,9,xGMCx,15.5,16.5,1,0,-90
ZX886,-0.969502505,1008.561823,-15.02,10,xGCx,16.5,19,2.5,0,-90
ZX886,-0.969502505,1008.561823,-20.52,11,xGSCx,19,24.5,5.5,0,-90
ZX886,-0.969502505,1008.561823,-25.02,17,xDSx,24.5,29,4.5,0,-90
ZX886,-0.969502505,1008.561823,-31.02,18,xYSSx,29,35,6,0,-90
ZX886,-0.969502505,1008.561823,-41.02,19,xYax,35,45,10,0,-90
